#,Zn_mole (mmol),Additive_mole (%),LogMolarRatio,Additive_SMILES,IUPAC_NAME,CE_1 (%),CE_2 (%),CE_3 (%),CE_aver. (%)
1,0.09515,0.01012,0.97309,OCC(F)(F)F,"2,2,2-trifluoroethan-1-ol",94.25269,93.07429,91.7632,93.03006
2,0.09515,0.01005,0.97625,CC1COC(=O)O1,"4-methyl-1,3-dioxolan-2-one",93.64392,93.42818,93.53304,93.53505
3,0.09515,0.01002,0.97765,CC#N,acetonitrile,91.76495,92.3291,91.22899,91.77435
4,0.09014,0.02025,0.64858,OCC(F)(F)F,"2,2,2-trifluoroethan-1-ol",92.31639,91.14595,92.10685,91.85639
5,0.09014,0.02009,0.65199,C1CCOC1,tetrahydrofuran,92.72257,91.8358,91.80316,92.12051
6,0.09014,0.0201,0.65174,CC1COC(=O)O1,"4-methyl-1,3-dioxolan-2-one",93.15314,93.22865,92.77491,93.05224
7,0.09014,0.02002,0.65351,CN(C)C(C)=O,"N,N-dimethylacetamide",93.22705,93.18728,93.01212,93.14215
8,0.08013,0.04049,0.29639,OCC(F)(F)F,"2,2,2-trifluoroethan-1-ol",91.88184,92.39646,91.80048,92.02626
9,0.08013,0.04018,0.29981,C1CCOC1,tetrahydrofuran,93.13252,94.2084,93.52091,93.62061
10,0.08013,0.0402,0.29955,CC1COC(=O)O1,"4-methyl-1,3-dioxolan-2-one",93.83576,93.72432,93.34975,93.63661
11,0.08013,0.04004,0.30133,CN(C)C(C)=O,"N,N-dimethylacetamide",93.88988,94.42155,93.41518,93.90887
12,0.08013,0.04007,0.30096,CC#N,acetonitrile,91.6457,93.09267,91.51584,92.08473
13,0.10004,0.00103,1.98592,C(C(F)(F)F)(C(F)(F)F)O,"1,1,1,3,3,3-hexafluoropropan-2-ol",92.42414,92.03786,92.22289,92.22829
14,0.10004,0.00102,1.99006,CCOC(=O)C(C)O,ethyl 2-hydroxypropanoate,91.15882,91.24777,91.64002,91.34887
15,0.10004,0.00102,1.99096,[C@H]12CCC([C@H](OC1)O2)=O,"(1S,5R)-6,8-dioxabicyclo[3.2.1]octan-4-one",91.5168,92.25891,91.86986,91.88186
16,0.10026,0.00204,1.69238,COCCOC,"1,2-dimethoxyethane",93.31562,92.77993,93.08212,93.05922
17,0.10077,0.00409,1.39118,CCOC(=O)C(C)O,ethyl 2-hydroxypropanoate,93.82195,93.60314,93.70084,93.70864
18,0.10077,0.00406,1.3953,CN(C)C(=O)C(F)(F)F,"2,2,2-trifluoro-N,N-dimethylacetamide",91.35892,92.00056,92.36923,91.90957
19,0.10077,0.00407,1.39355,COCCOC,"1,2-dimethoxyethane",93.52909,94.1774,93.84793,93.85147
20,0.10003,0.00503,1.29837,OCC(O)CO,"propane-1,2,3-triol",93.70942,93.26019,93.46985,93.47982
21,0.10003,0.00509,1.29346,COCCOC,"1,2-dimethoxyethane",93.73876,93.67036,93.69544,93.70152
22,0.10073,0.00101,2.00071,CS(=O)C,(methylsulfinyl)methane,95.44865,97.86618,96.25768,96.52417
23,0.10073,0.00101,2.00055,CO[C@H]1COC2[C@@H](COC12)OC,"(3R,6S)-3,6-dimethoxyhexahydrofuro[3,2-b]furan",96.05225,97.15746,96.5888,96.5995
24,0.10073,0.00102,1.99649,C(CN(CC(=O)O)CC(=O)[O-])N(CC(=O)O)CC(=O)[O-].[Na+].[Na+],"sodium 2,2'-(ethane-1,2-diylbis((carboxymethyl)azanediyl))diacetate",91.9687,93.64318,92.48404,92.69864
25,0.10073,0.00102,1.99644,C1=CC=C(C=C1)NC2=CC=C(C=C2)S(=O)(=O)[O-].[Na+],sodium 4-(phenylamino)benzenesulfonate,96.64333,96.57318,96.51376,96.57676
26,0.09952,0.00201,1.69444,CS(=O)C,(methylsulfinyl)methane,96.78787,97.56681,97.15785,97.17084
27,0.09952,0.00201,1.69429,CO[C@H]1COC2[C@@H](COC12)OC,"(3R,6S)-3,6-dimethoxyhexahydrofuro[3,2-b]furan",96.1836,97.39295,96.77095,96.7825
28,0.09952,0.00203,1.69022,C(CN(CC(=O)O)CC(=O)[O-])N(CC(=O)O)CC(=O)[O-].[Na+].[Na+],"sodium 2,2'-(ethane-1,2-diylbis((carboxymethyl)azanediyl))diacetate",88.69457,88.00557,88.33358,88.34457
29,0.09952,0.00203,1.69017,C1=CC=C(C=C1)NC2=CC=C(C=C2)S(=O)(=O)[O-].[Na+],sodium 4-(phenylamino)benzenesulfonate,95.18338,93.29966,94.23651,94.23985
30,0.10061,0.00402,1.39813,CS(=O)C,(methylsulfinyl)methane,97.55513,97.16883,97.35463,97.35953
31,0.10061,0.00403,1.39748,CC1CCC(=O)O1,5-methyldihydrofuran-2(3H)-one,97.39054,97.06575,97.15127,97.20252
32,0.10061,0.00402,1.39797,CO[C@H]1COC2[C@@H](COC12)OC,"(3R,6S)-3,6-dimethoxyhexahydrofuro[3,2-b]furan",96.24313,96.50342,96.37514,96.3739
33,0.10061,0.00405,1.39534,OC=1C(OC(=O)C=1O)[C@@H](O)CO,"5-((S)-1,2-dihydroxyethyl)-3,4-dihydroxyfuran-2(5H)-one",95.16875,95.79509,95.47011,95.47798
34,0.10061,0.00406,1.39386,C1=CC=C(C=C1)NC2=CC=C(C=C2)S(=O)(=O)[O-].[Na+],sodium 4-(phenylamino)benzenesulfonate,91.75898,91.99124,91.86204,91.87075
35,0.09965,0.00503,1.29707,CS(=O)C,(methylsulfinyl)methane,97.96745,97.9786,97.94333,97.96313
36,0.09965,0.00504,1.29641,CC1CCC(=O)O1,5-methyldihydrofuran-2(3H)-one,97.857,97.16219,97.4973,97.5055
37,0.09965,0.00521,1.28189,C1CC(OC1)CO,(tetrahydrofuran-2-yl)methanol,97.74997,97.19479,97.45518,97.46665
38,0.09965,0.00505,1.29538,C([C@@H]([C@@H]1C(=C(C(=O)O1)O)[O-])O)O.[Na+],"sodium (R)-2-((S)-1,2-dihydroxyethyl)-4-hydroxy-5-oxo-2,5-dihydrofuran-3-olate",98.58965,98.13676,98.21068,98.31236
39,0.09965,0.00506,1.29428,OC=1C(OC(=O)C=1O)[C@@H](O)CO,"5-((S)-1,2-dihydroxyethyl)-3,4-dihydroxyfuran-2(5H)-one",94.97309,95.70154,95.29981,95.32481
40,0.10111,0.00104,1.98756,CCOC(=O)C(C)O,ethyl 2-hydroxypropanoate,96.51903,96.88124,96.68706,96.69578
41,0.10111,0.00103,1.99133,O1C(C)CCC1,2-methyltetrahydrofuran,96.24451,96.75154,96.46653,96.48753
42,0.10111,0.00103,1.99325,[C@H]12CCC([C@H](OC1)O2)=O,"(1S,5R)-6,8-dioxabicyclo[3.2.1]octan-4-one",96.25122,96.38516,94.35511,95.66383
43,0.10111,0.00103,1.98994,CN(C)C(=O)C(F)(F)F,"2,2,2-trifluoro-N,N-dimethylacetamide",96.45637,96.67238,94.38236,95.83704
44,0.10111,0.001,2.00321,OCC(O)CO,"propane-1,2,3-triol",96.52349,96.64543,96.56646,96.57846
45,0.10111,0.00101,2.00207,COCCOC,"1,2-dimethoxyethane",96.41787,96.00436,94.4655,95.62924
46,0.10111,0.00102,1.99583,O1CCOC1,"1,3-dioxolane",96.47643,96.31991,94.53306,95.77647
47,0.09994,0.00209,1.67929,C(C(F)(F)F)(C(F)(F)F)O,"1,1,1,3,3,3-hexafluoropropan-2-ol",96.66835,96.98737,96.83085,96.82886
48,0.09994,0.00208,1.68145,CCOC(=O)C(C)O,ethyl 2-hydroxypropanoate,96.28854,96.44522,96.26638,96.33338
49,0.09994,0.00206,1.68523,O1C(C)CCC1,2-methyltetrahydrofuran,96.27981,96.67617,96.42999,96.46199
50,0.10062,0.00418,1.38124,C(C(F)(F)F)(C(F)(F)F)O,"1,1,1,3,3,3-hexafluoropropan-2-ol",97.02347,96.55194,96.6857,96.7537
51,0.10062,0.00411,1.3891,[C@H]12CCC([C@H](OC1)O2)=O,"(1S,5R)-6,8-dioxabicyclo[3.2.1]octan-4-one",95.98156,96.25934,96.10733,96.11608
52,0.10062,0.00414,1.38579,CN(C)C(=O)C(F)(F)F,"2,2,2-trifluoro-N,N-dimethylacetamide",96.27456,96.33567,96.24237,96.2842
53,0.10062,0.00401,1.39905,OCC(O)CO,"propane-1,2,3-triol",96.16712,96.09816,96.11064,96.12531
54,0.10062,0.00403,1.39792,COCCOC,"1,2-dimethoxyethane",96.37993,96.25651,96.2959,96.31078
55,0.10062,0.00408,1.39168,O1CCOC1,"1,3-dioxolane",96.39363,96.38919,96.39309,96.39197
56,0.10072,0.00523,1.28475,C(C(F)(F)F)(C(F)(F)F)O,"1,1,1,3,3,3-hexafluoropropan-2-ol",96.47832,96.744,96.60381,96.60871
57,0.10072,0.0052,1.2869,CCOC(=O)C(C)O,ethyl 2-hydroxypropanoate,96.47928,96.2784,96.36399,96.37389
58,0.10072,0.00516,1.29068,O1C(C)CCC1,2-methyltetrahydrofuran,96.34282,96.24148,96.27951,96.28793
59,0.10072,0.00517,1.28929,CN(C)C(=O)C(F)(F)F,"2,2,2-trifluoro-N,N-dimethylacetamide",96.25205,96.26933,96.25636,96.25925
60,0.10072,0.00502,1.30255,OCC(O)CO,"propane-1,2,3-triol",96.37465,96.7239,95.40791,96.16882
61,0.10003,0.001,1.99814,N[C@H](CCCNC(N)=N)C(O)=O,D-arginine,96.65866,96.77942,96.50133,96.64647
62,0.10003,0.00102,1.98944,C1CC(NC1)C(=O)O,proline,98.8608,98.86814,98.84693,98.85862
63,0.10003,0.001,2.00063,C(C[C@@H](C(=O)O)N)CN=C(N)N,(S)-2-amino-5-((diaminomethylene)amino)pentanoic acid,96.64522,97.09615,96.61663,96.786
64,0.10003,0.00101,1.99591,C1=C(NC=N1)CC(C(=O)O)N,histidine,99.05366,99.08724,99.08706,99.07598
65,0.10003,0.001,2.0022,CSCCC(C(=O)O)N,methionine,98.79092,98.77265,98.83859,98.80072
66,0.10003,0.00103,1.98826,C(=O)[C@@H]([C@@H]1[C@@H]([C@@H](C(=O)O1)O)O)O,"(R)-2-((2S,3R,4S)-3,4-dihydroxy-5-oxotetrahydrofuran-2-yl)-2-hydroxyacetaldehyde",98.47126,98.88136,98.57014,98.64092
67,0.10003,0.00101,1.99683,C([C@@H]1[C@H]([C@@H]([C@H](C(=O)O1)O)O)O)O,"(3R,4S,5S,6R)-3,4,5-trihydroxy-6-(hydroxymethyl)tetrahydro-2H-pyran-2-one",96.60853,96.64413,96.59496,96.61587
68,0.10003,0.001,1.99903,C(C(C(=O)O)N)O,serine,98.46777,98.57442,98.32407,98.45542
69,0.10008,0.00201,1.69733,N[C@H](CCCNC(N)=N)C(O)=O,D-arginine,94.63292,95.32983,94.40792,94.79022
70,0.10008,0.00205,1.68863,C1CC(NC1)C(=O)O,proline,98.01447,98.77985,99.60818,98.80083
71,0.10008,0.002,1.69982,C(C[C@@H](C(=O)O)N)CN=C(N)N,(S)-2-amino-5-((diaminomethylene)amino)pentanoic acid,96.57164,95.73861,94.29743,95.53589
72,0.10008,0.00202,1.6951,C1=C(NC=N1)CC(C(=O)O)N,histidine,98.85818,99.01453,99.0383,98.97034
73,0.10008,0.00199,1.70139,CSCCC(C(=O)O)N,methionine,98.51723,98.66176,98.66899,98.61599
74,0.10008,0.00206,1.68745,C(=O)[C@@H]([C@@H]1[C@@H]([C@@H](C(=O)O1)O)O)O,"(R)-2-((2S,3R,4S)-3,4-dihydroxy-5-oxotetrahydrofuran-2-yl)-2-hydroxyacetaldehyde",98.43728,98.4346,98.49948,98.45712
75,0.10008,0.00202,1.69602,C([C@@H]1[C@H]([C@@H]([C@H](C(=O)O1)O)O)O)O,"(3R,4S,5S,6R)-3,4,5-trihydroxy-6-(hydroxymethyl)tetrahydro-2H-pyran-2-one",94.35989,94.77875,94.52276,94.5538
76,0.10008,0.00201,1.69822,C(C(C(=O)O)N)O,serine,98.55351,98.32567,98.66565,98.51494
77,0.1,0.00402,1.39597,N[C@H](CCCNC(N)=N)C(O)=O,D-arginine,94.66568,95.8314,95.233,95.24336
78,0.1,0.004,1.39846,C(C[C@@H](C(=O)O)N)CN=C(N)N,(S)-2-amino-5-((diaminomethylene)amino)pentanoic acid,97.08544,97.35115,97.20164,97.21274
79,0.1,0.00404,1.39373,C1=C(NC=N1)CC(C(=O)O)N,histidine,98.55824,98.84383,98.78649,98.72952
80,0.1,0.00398,1.40003,CSCCC(C(=O)O)N,methionine,98.62727,98.69778,98.64738,98.65748
81,0.1,0.00411,1.38609,C(=O)[C@@H]([C@@H]1[C@@H]([C@@H](C(=O)O1)O)O)O,"(R)-2-((2S,3R,4S)-3,4-dihydroxy-5-oxotetrahydrofuran-2-yl)-2-hydroxyacetaldehyde",98.27065,98.49439,98.74145,98.50216
82,0.1,0.00403,1.39465,C([C@@H]1[C@H]([C@@H]([C@H](C(=O)O1)O)O)O)O,"(3R,4S,5S,6R)-3,4,5-trihydroxy-6-(hydroxymethyl)tetrahydro-2H-pyran-2-one",92.50915,92.25161,92.36536,92.37537
83,0.1,0.00401,1.39686,C(C(C(=O)O)N)O,serine,98.49472,98.56392,98.65802,98.57222
84,0.10004,0.00502,1.29921,N[C@H](CCCNC(N)=N)C(O)=O,D-arginine,96.22461,97.08896,96.38908,96.56755
85,0.10004,0.00499,1.3017,C(C[C@@H](C(=O)O)N)CN=C(N)N,(S)-2-amino-5-((diaminomethylene)amino)pentanoic acid,96.86846,97.17982,96.60806,96.88545
86,0.10004,0.00505,1.29697,C1=C(NC=N1)CC(C(=O)O)N,histidine,98.62689,98.73558,98.72778,98.69675
87,0.10004,0.00498,1.30327,CSCCC(C(=O)O)N,methionine,98.71771,98.61987,98.67479,98.67079
88,0.10004,0.00504,1.2979,C([C@@H]1[C@H]([C@@H]([C@H](C(=O)O1)O)O)O)O,"(3R,4S,5S,6R)-3,4,5-trihydroxy-6-(hydroxymethyl)tetrahydro-2H-pyran-2-one",92.80494,92.60679,92.9698,92.79384
89,0.10003,0.001,2.00217,O=C(N)C[C@H](N)C(=O)O,L-asparagine,98.61401,98.67566,98.79406,98.69458
90,0.10003,0.00102,1.99201,CC1(C)CC(O)CC(C)(C)N1[O],"2,2,6,6-tetramethyl-1-(l1-oxidaneyl)piperidin-4-ol",85.24369,86.78866,86.03191,86.02142
91,0.10003,0.00103,1.98629,NCCOCCOCCN,"2,2'-(ethane-1,2-diylbis(oxy))bis(ethan-1-amine)",98.8588,98.68946,97.19274,98.247
92,0.10003,0.00105,1.98052,CN(C)C(=N)N(C)C,"1,1,3,3-tetramethylguanidine",98.63332,98.54265,98.55798,98.57798
93,0.10003,0.001,2.00205,O=C(O)CC(O)C(=O)O,2-hydroxysuccinic acid,95.07439,94.66285,95.1317,94.95631
94,0.10003,0.00105,1.98031,CC(O)C(=O)O,2-hydroxypropanoic acid,96.39486,96.39194,96.9901,96.5923
95,0.10008,0.00199,1.70136,O=C(N)C[C@H](N)C(=O)O,L-asparagine,98.56421,98.62491,98.71181,98.63364
96,0.10008,0.00204,1.6912,CC1(C)CC(O)CC(C)(C)N1[O],"2,2,6,6-tetramethyl-1-(l1-oxidaneyl)piperidin-4-ol",80.53106,79.76592,76.05391,78.78363
97,0.10008,0.00206,1.68548,NCCOCCOCCN,"2,2'-(ethane-1,2-diylbis(oxy))bis(ethan-1-amine)",98.31395,98.50525,98.35374,98.39098
98,0.10008,0.00209,1.67971,CN(C)C(=N)N(C)C,"1,1,3,3-tetramethylguanidine",98.84996,98.33257,98.56276,98.58176
99,0.1,0.00398,1.4,O=C(N)C[C@H](N)C(=O)O,L-asparagine,98.41074,98.3165,98.34877,98.35867
100,0.1,0.0041,1.38708,CC(C)(C)O,2-methylpropan-2-ol,98.95342,99.08459,98.67225,98.90342
101,0.1,0.00408,1.38983,CC1(C)CC(O)CC(C)(C)N1[O],"2,2,6,6-tetramethyl-1-(l1-oxidaneyl)piperidin-4-ol",68.72899,69.73462,68.33235,68.93199
102,0.1,0.00411,1.38599,CCCCO,butan-1-ol,97.82732,97.40069,98.28214,97.83672
103,0.1,0.00413,1.38411,NCCOCCOCCN,"2,2'-(ethane-1,2-diylbis(oxy))bis(ethan-1-amine)",97.55033,97.48819,98.63158,97.89003
104,0.1,0.00418,1.37835,CN(C)C(=N)N(C)C,"1,1,3,3-tetramethylguanidine",97.52928,97.33157,98.02882,97.62989
105,0.1,0.00398,1.39987,O=C(O)CC(O)C(=O)O,2-hydroxysuccinic acid,89.16562,89.78322,89.49392,89.48092
106,0.1,0.00419,1.37813,CC(O)C(=O)O,2-hydroxypropanoic acid,93.1078,93.76706,93.9726,93.61582
107,0.10004,0.00498,1.30324,O=C(N)C[C@H](N)C(=O)O,L-asparagine,98.65814,98.39738,98.61594,98.55715
108,0.10004,0.00509,1.29308,CC1(C)CC(O)CC(C)(C)N1[O],"2,2,6,6-tetramethyl-1-(l1-oxidaneyl)piperidin-4-ol",68.79441,67.23247,65.65486,67.22725
109,0.10004,0.00516,1.28736,NCCOCCOCCN,"2,2'-(ethane-1,2-diylbis(oxy))bis(ethan-1-amine)",97.15793,96.0674,96.79625,96.67386
110,0.10004,0.00523,1.28159,CN(C)C(=N)N(C)C,"1,1,3,3-tetramethylguanidine",96.82623,96.70083,97.34312,96.95673
111,0.10004,0.00498,1.30311,O=C(O)CC(O)C(=O)O,2-hydroxysuccinic acid,89.85754,89.6713,89.74077,89.75654
112,0.10004,0.00523,1.28137,CC(O)C(=O)O,2-hydroxypropanoic acid,92.48091,92.16038,93.01653,92.55261
113,0.10006,0.001,2.00075,C(CS(=O)(=O)[O-])S.[Na+],sodium 2-mercaptoethane-1-sulfonate,97.11412,97.10822,97.17973,97.13402
114,0.10006,0.00085,2.07082,C1=CC=NC(=C1)N,pyridin-2-amine,98.02735,98.18549,98.17193,98.12826
115,0.10006,0.001,1.9988,CC(C(C(=O)O)N)O,2-amino-3-hydroxybutanoic acid,97.61249,97.36113,97.83954,97.60439
116,0.10006,0.00103,1.9875,C(C(=O)O)N,glycine,97.51283,97.48399,98.06226,97.68636
117,0.10003,0.002,1.69957,C(CS(=O)(=O)[O-])S.[Na+],sodium 2-mercaptoethane-1-sulfonate,97.99112,97.91033,97.99873,97.96672
118,0.10003,0.00206,1.68658,CC1=NC=CN1,2-methyl-1H-imidazole,95.99443,96.99294,98.61344,97.20027
119,0.10003,0.00201,1.69762,CC(C(C(=O)O)N)O,2-amino-3-hydroxybutanoic acid,97.74503,97.88628,97.82789,97.81973
120,0.10003,0.00206,1.68632,C(C(=O)O)N,glycine,97.89403,97.86736,98.0737,97.94503
121,0.10003,0.002,1.69953,C1=CC=C2C(=C1)C(=CC(=C2N)N=NC3=CC=C(C=C3)C4=CC=C(C=C4)N=NC5=C(C6=CC=CC=C6C(=C5)S(=O)(=O)[O-])N)S(=O)(=O)[O-].[Na+].[Na+],"sodium 3,3'-([1,1'-biphenyl]-4,4'-diylbis(diazene-2,1-diyl))bis(4-aminonaphthalene-1-sulfonate)",93.01,93.47894,92.50067,92.99654
122,0.10012,0.004,1.39892,C(CS(=O)(=O)[O-])S.[Na+],sodium 2-mercaptoethane-1-sulfonate,97.41264,97.57116,97.58441,97.52274
123,0.10012,0.00412,1.38593,CC1=NC=CN1,2-methyl-1H-imidazole,97.71385,97.87487,97.81839,97.80237
124,0.10012,0.00401,1.39698,CC(C(C(=O)O)N)O,2-amino-3-hydroxybutanoic acid,97.12034,96.56632,96.69903,96.79523
125,0.1,0.00499,1.30152,C(CS(=O)(=O)[O-])S.[Na+],sodium 2-mercaptoethane-1-sulfonate,97.02725,96.85716,97.2441,97.04283
126,0.1,0.00516,1.28712,C[C@H]([C@@H](C(=O)O)N)O,L-threonine,96.67548,96.51665,96.87691,96.68968
127,0.1,0.00515,1.28853,CC1=NC=CN1,2-methyl-1H-imidazole,96.80745,96.31522,97.31713,96.81327
128,0.1,0.00425,1.37159,C1=CC=NC(=C1)N,pyridin-2-amine,97.75172,97.67876,97.87808,97.76952
129,0.1,0.00502,1.29957,CC(C(C(=O)O)N)O,2-amino-3-hydroxybutanoic acid,97.08877,97.57458,97.47653,97.37996
130,0.1,0.005,1.30075,OC[C@H]1O[C@@H]2O[C@H]3[C@H](O)[C@@H](O)[C@H](O[C@@H]3CO)O[C@H]4[C@H](O)[C@@H](O)[C@H](O[C@@H]4CO)O[C@H]5[C@H](O)[C@@H](O)[C@H](O[C@@H]5CO)O[C@H]6[C@H](O)[C@@H](O)[C@H](O[C@@H]6CO)O[C@H]7[C@H](O)[C@@H](O)[C@H](O[C@@H]7CO)O[C@H]1[C@H](O)[C@H]2O,"(1S,3R,5R,6S,8R,10R,11S,13R,15R,16S,18R,20R,21S,23R,25R,26S,28R,30R,31R,32R,33R,34R,35R,36R,37R,38R,39R,40R,41R,42R)-5,10,15,20,25,30-hexakis(hydroxymethyl)-2,4,7,9,12,14,17,19,22,24,27,29-dodecaoxaheptacyclo[26.2.2.23,6.28,11.213,16.218,21.223,26]dotetracontane-31,32,33,34,35,36,37,38,39,40,41,42-dodecol",97.25344,97.3518,97.45316,97.3528
131,0.1,0.00515,1.28827,C(C(=O)O)N,glycine,97.33389,97.12294,97.21502,97.22395
132,0.10001,0.00101,1.99748,COC(=O)[C@H](CO)N,methyl L-serinate,88.31642,87.98096,88.68728,88.32822
133,0.10001,0.00102,1.99032,C1=CC=C2C(=C1)C(=O)C3=CC(=C(C(=C3C2=O)O)O)S(=O)(=O)[O-].[Na+],"sodium 3,4-dihydroxy-9,10-dioxo-9,10-dihydroanthracene-2-sulfonate",96.69056,96.51437,97.17275,96.79256
134,0.10001,0.00099,2.00369,COC(=O)CN,methyl glycinate,98.0818,98.09322,98.10758,98.0942
135,0.10001,0.00098,2.00841,CC(C)NC(=O)C=C,N-isopropylacrylamide,98.31232,98.41804,98.2519,98.32742
136,0.10001,0.001,2.00123,C[N+]1=C2C=CC=CC2=NC3=CC=CC=C31.COS(=O)(=O)[O-],5-methylphenazin-5-ium methyl sulfate,88.4944,88.28733,86.90239,87.89471
137,0.10001,0.00201,1.69646,COC(=O)[C@@H](CO)N,methyl D-serinate,96.48008,96.32183,95.59494,96.13228
138,0.10001,0.00201,1.69646,COC(=O)[C@H](CO)N,methyl L-serinate,96.21065,97.08599,96.8627,96.71978
139,0.10001,0.00201,1.69705,C1=CC(=C(C=C1CCN)O)O,"4-(2-aminoethyl)benzene-1,2-diol",96.11682,96.99917,96.93488,96.68362
140,0.10001,0.00205,1.6893,C1=CC=C2C(=C1)C(=O)C3=CC(=C(C(=C3C2=O)O)O)S(=O)(=O)[O-].[Na+],"sodium 3,4-dihydroxy-9,10-dioxo-9,10-dihydroanthracene-2-sulfonate",96.74859,96.63355,96.90264,96.76159
141,0.10001,0.00198,1.70267,COC(=O)CN,methyl glycinate,98.4654,98.2355,98.3926,98.3645
142,0.10001,0.00201,1.69758,C1=CC(=CC=C1O)O,hydroquinone,98.53923,98.41524,98.72021,98.55823
143,0.10001,0.00196,1.70739,CC(C)NC(=O)C=C,N-isopropylacrylamide,98.35427,98.49358,98.24791,98.36525
144,0.10001,0.00402,1.39544,COC(=O)[C@@H](CO)N,methyl D-serinate,93.36273,93.57975,94.39865,93.78038
145,0.10001,0.00402,1.39544,COC(=O)[C@H](CO)N,methyl L-serinate,96.50088,96.14532,95.82276,96.15632
146,0.10001,0.00402,1.39603,C1=CC(=C(C=C1CCN)O)O,"4-(2-aminoethyl)benzene-1,2-diol",96.40035,95.75711,96.59918,96.25221
147,0.10001,0.00409,1.38828,C1=CC=C2C(=C1)C(=O)C3=CC(=C(C(=C3C2=O)O)O)S(=O)(=O)[O-].[Na+],"sodium 3,4-dihydroxy-9,10-dioxo-9,10-dihydroanthracene-2-sulfonate",94.45568,95.01926,94.49129,94.65541
148,0.10001,0.00397,1.40164,COC(=O)CN,methyl glycinate,97.81539,98.0877,98.16799,98.02369
149,0.10001,0.00401,1.39655,C1=CC(=CC=C1O)O,hydroquinone,97.74983,98.43468,98.61182,98.26544
150,0.10001,0.00392,1.40637,CC(C)NC(=O)C=C,N-isopropylacrylamide,98.2987,98.21293,98.71782,98.40982
151,0.10006,0.00503,1.29872,COC(=O)[C@H](CO)N,methyl L-serinate,88.18836,88.20134,88.16991,88.18654
152,0.10006,0.00511,1.29156,C1=CC=C2C(=C1)C(=O)C3=CC(=C(C(=C3C2=O)O)O)S(=O)(=O)[O-].[Na+],"sodium 3,4-dihydroxy-9,10-dioxo-9,10-dihydroanthracene-2-sulfonate",93.91258,94.16997,92.68473,93.58909
153,0.10006,0.00496,1.30493,COC(=O)CN,methyl glycinate,97.62477,97.58526,97.86952,97.69318
154,0.10006,0.00502,1.29984,C1=CC(=CC=C1O)O,hydroquinone,98.17601,98.16638,98.15423,98.16554
155,0.10006,0.0049,1.30965,CC(C)NC(=O)C=C,N-isopropylacrylamide,98.39663,98.33346,98.26382,98.3313
156,0.09999,0.001,2.00114,[Na+].[Na+].[O-][S]([S-])(=O)=O,sodium sulfurothioate,91.07862,88.96478,87.92084,89.32141
158,0.09999,0.00101,1.99486,[Na+].[Na+].[Na+].[Na+].[O-][P]([O-])(=O)O[P]([O-])([O-])=O,sodium diphosphate,98.38638,98.43403,98.31112,98.37718
159,0.09999,0.00101,1.99495,[Na+].[K+].O[C@H]([C@@H](O)C([O-])=O)C([O-])=O,"potassium sodium (2R,3R)-2,3-dihydroxysuccinate",98.21516,98.05239,98.35177,98.20644
160,0.09999,0.00099,2.00239,C1=CC2=C(C=C1S(=O)(=O)[O-])C(=O)C3=C(C2=O)C=CC(=C3)S(=O)(=O)[O-].[Na+].[Na+],"sodium 9,10-dioxo-9,10-dihydroanthracene-2,7-disulfonate",92.44733,92.51186,92.52585,92.49501
161,0.09999,0.00104,1.9833,FC(F)(F)S(=O)(=O)N([Na])S(=O)(=O)C(F)(F)F,sodium bis((trifluoromethyl)sulfonyl)amide,98.36435,98.3087,98.47099,98.38135
162,0.09999,0.00104,1.98377,[Li+].C(F)(F)(F)S(=O)(=O)[N-]S(=O)(=O)C(F)(F)F,lithium bis((trifluoromethyl)sulfonyl)amide,98.16339,98.19136,98.16841,98.17439
163,0.10001,0.00199,1.7002,[Na+].[Na+].[O-][S]([S-])(=O)=O,sodium sulfurothioate,84.45463,85.51554,82.29265,84.08761
165,0.10001,0.00202,1.69391,[Na+].[Na+].[Na+].[Na+].[O-][P]([O-])(=O)O[P]([O-])([O-])=O,sodium diphosphate,98.2385,98.35481,98.23918,98.2775
166,0.10001,0.00202,1.694,[Na+].[K+].O[C@H]([C@@H](O)C([O-])=O)C([O-])=O,"potassium sodium (2R,3R)-2,3-dihydroxysuccinate",98.3067,98.45291,98.56223,98.44062
167,0.10001,0.00199,1.70144,C1=CC2=C(C=C1S(=O)(=O)[O-])C(=O)C3=C(C2=O)C=CC(=C3)S(=O)(=O)[O-].[Na+].[Na+],"sodium 9,10-dioxo-9,10-dihydroanthracene-2,7-disulfonate",91.00795,91.28389,90.82742,91.03975
168,0.10001,0.00208,1.68235,FC(F)(F)S(=O)(=O)N([Na])S(=O)(=O)C(F)(F)F,sodium bis((trifluoromethyl)sulfonyl)amide,98.5954,98.34289,98.58122,98.5065
169,0.10001,0.00208,1.68282,[Li+].C(F)(F)(F)S(=O)(=O)[N-]S(=O)(=O)C(F)(F)F,lithium bis((trifluoromethyl)sulfonyl)amide,98.32047,98.45354,98.37336,98.38246
170,0.10003,0.00399,1.39924,[Na+].[Na+].[O-][S]([S-])(=O)=O,sodium sulfurothioate,83.82545,84.1022,84.40926,84.1123
172,0.10003,0.00405,1.39295,[Na+].[Na+].[Na+].[Na+].[O-][P]([O-])(=O)O[P]([O-])([O-])=O,sodium diphosphate,97.35154,97.71264,96.06072,97.04163
173,0.10003,0.00405,1.39304,[Na+].[K+].O[C@H]([C@@H](O)C([O-])=O)C([O-])=O,"potassium sodium (2R,3R)-2,3-dihydroxysuccinate",98.54152,98.59472,98.49257,98.54294
174,0.10003,0.00395,1.4032,[Na+].[O-][Cl](=O)(=O)=O,sodium perchlorate,98.42335,98.52721,98.53904,98.49653
175,0.10003,0.00398,1.40049,C1=CC2=C(C=C1S(=O)(=O)[O-])C(=O)C3=C(C2=O)C=CC(=C3)S(=O)(=O)[O-].[Na+].[Na+],"sodium 9,10-dioxo-9,10-dihydroanthracene-2,7-disulfonate",85.48742,85.74633,85.2837,85.50582
176,0.10003,0.00415,1.38186,[Li+].C(F)(F)(F)S(=O)(=O)[N-]S(=O)(=O)C(F)(F)F,lithium bis((trifluoromethyl)sulfonyl)amide,98.29273,98.27904,98.34542,98.30573
177,0.10003,0.00499,1.30234,[Na+].[Na+].[O-][S]([S-])(=O)=O,sodium sulfurothioate,80.23738,81.80401,80.9892,81.0102
178,0.10003,0.00506,1.29606,[Na+].[Na+].[Na+].[Na+].[O-][P]([O-])(=O)O[P]([O-])([O-])=O,sodium diphosphate,95.67191,96.00019,95.81355,95.82855
179,0.10003,0.00506,1.29615,[Na+].[K+].O[C@H]([C@@H](O)C([O-])=O)C([O-])=O,"potassium sodium (2R,3R)-2,3-dihydroxysuccinate",98.36121,98.61124,98.47262,98.48169
180,0.10003,0.00494,1.3063,[Na+].[O-][Cl](=O)(=O)=O,sodium perchlorate,98.33934,98.61968,98.46002,98.47302
181,0.10003,0.00497,1.30359,C1=CC2=C(C=C1S(=O)(=O)[O-])C(=O)C3=C(C2=O)C=CC(=C3)S(=O)(=O)[O-].[Na+].[Na+],"sodium 9,10-dioxo-9,10-dihydroanthracene-2,7-disulfonate",79.95448,82.30277,79.37335,80.54354
182,0.10003,0.0052,1.2845,FC(F)(F)S(=O)(=O)N([Na])S(=O)(=O)C(F)(F)F,sodium bis((trifluoromethyl)sulfonyl)amide,98.47759,98.55295,98.49636,98.50897
183,0.10003,0.00519,1.28496,[Li+].C(F)(F)(F)S(=O)(=O)[N-]S(=O)(=O)C(F)(F)F,lithium bis((trifluoromethyl)sulfonyl)amide,98.26698,98.48885,98.36891,98.37491
184,0.10001,0.00102,1.99334,COC(=O)[C@@H](CO)N,methyl D-serinate,98.3439,98.19788,98.20189,98.24789
185,0.10001,0.001,2.00166,COC(=O)[C@H](CO)N,methyl L-serinate,98.66407,98.74494,98.70016,98.70306
186,0.10001,0.00103,1.98758,C([C@H](C(=O)O)N)C(=O)N,D-asparagine,98.75635,98.77526,98.82773,98.78645
187,0.10001,0.00103,1.98831,N1C=CC=C1,1H-pyrrole,98.72953,98.65262,98.76894,98.71703
188,0.10009,0.00203,1.69268,COC(=O)[C@@H](CO)N,methyl D-serinate,98.39544,98.72217,98.81643,98.64468
189,0.10009,0.00199,1.701,COC(=O)[C@H](CO)N,methyl L-serinate,98.26972,98.51798,98.65517,98.48096
190,0.10009,0.00203,1.69282,C(C(C(C(=O)[O-])O)C(=O)[O-])C(=O)[O-].[Na+].[Na+].[Na+],"sodium 1-hydroxypropane-1,2,3-tricarboxylate",94.48081,92.72018,94.33313,93.84471
191,0.10009,0.00206,1.68692,C([C@H](C(=O)O)N)C(=O)N,D-asparagine,98.65483,98.69232,98.64797,98.66504
192,0.10009,0.00202,1.69463,OCCOCCOCCCl,2-(2-(2-chloroethoxy)ethoxy)ethan-1-ol,97.54094,97.88442,97.26902,97.56479
193,0.10004,0.00406,1.39142,COC(=O)[C@@H](CO)N,methyl D-serinate,98.4276,98.67335,98.73413,98.61169
194,0.10004,0.00399,1.39975,COC(=O)[C@H](CO)N,methyl L-serinate,98.30207,98.36445,98.38157,98.34936
195,0.10004,0.00412,1.38566,C([C@H](C(=O)O)N)C(=O)N,D-asparagine,98.51367,98.55192,98.71934,98.59498
196,0.10004,0.00411,1.38639,N1C=CC=C1,1H-pyrrole,98.21539,98.36621,98.32645,98.30268
197,0.10004,0.00412,1.38555,CN1CCN(C)C1=O,"1,3-dimethylimidazolidin-2-one",88.03945,87.06134,84.18481,86.42853
198,0.10002,0.00508,1.2944,COC(=O)[C@@H](CO)N,methyl D-serinate,98.14893,97.97777,98.29581,98.14084
199,0.10002,0.00498,1.30272,COC(=O)[C@H](CO)N,methyl L-serinate,98.35496,98.392,98.43673,98.39456
200,0.10002,0.00508,1.29454,C(C(C(C(=O)[O-])O)C(=O)[O-])C(=O)[O-].[Na+].[Na+].[Na+],"sodium 1-hydroxypropane-1,2,3-tricarboxylate",86.76782,87.227,87.55717,87.184
201,0.10002,0.00515,1.28864,C([C@H](C(=O)O)N)C(=O)N,D-asparagine,98.6844,98.64881,98.60027,98.64449
202,0.10002,0.00514,1.28937,N1C=CC=C1,1H-pyrrole,98.5356,98.64053,98.62314,98.59976
203,0.10002,0.00515,1.28853,CN1CCN(C)C1=O,"1,3-dimethylimidazolidin-2-one",83.94763,82.98618,85.30753,84.08045
204,0.10012,0.00104,1.98331,C([C@H]([C@H]([C@@H]([C@H](C(=O)[O-])O)O)O)O)O.[Na+],"sodium (2R,3S,4R,5R)-2,3,4,5,6-pentahydroxyhexanoate",98.47515,98.49594,98.51615,98.49575
205,0.10012,0.00099,2.00361,[Na+].[Na+].[Na+].OC(CC([O-])=O)(CC([O-])=O)C([O-])=O,"sodium 2-hydroxypropane-1,2,3-tricarboxylate",97.79003,98.21716,97.5426,97.84993
206,0.10012,0.001,1.99854,CC1=CC=C(C=C1)S(=O)(=O)[O-].[Na+],sodium 4-methylbenzenesulfonate,99.06002,98.83928,98.81015,98.90315
207,0.10012,0.00101,1.99481,CC(=O)[O-].[Na+],sodium acetate,99.02988,98.92798,98.91963,98.95916
208,0.10012,0.00102,1.99179,[Na+].F[P-](F)(F)(F)(F)F,sodium hexafluorophosphate(V),98.00423,97.51418,97.74721,97.75521
209,0.10012,0.00101,1.99431,C(F)(F)(F)S(=O)(=O)[O-].[Na+],sodium trifluoromethanesulfonate,98.66997,98.59219,98.47542,98.57919
210,0.10009,0.00208,1.68219,C([C@H]([C@H]([C@@H]([C@H](C(=O)[O-])O)O)O)O)O.[Na+],"sodium (2R,3S,4R,5R)-2,3,4,5,6-pentahydroxyhexanoate",98.14296,97.97739,97.75209,97.95748
211,0.10009,0.00199,1.70249,[Na+].[Na+].[Na+].OC(CC([O-])=O)(CC([O-])=O)C([O-])=O,"sodium 2-hydroxypropane-1,2,3-tricarboxylate",98.4975,98.51246,98.51314,98.5077
212,0.10009,0.00201,1.69742,CC1=CC=C(C=C1)S(=O)(=O)[O-].[Na+],sodium 4-methylbenzenesulfonate,98.94318,98.8447,98.82181,98.8699
213,0.10009,0.00203,1.69369,CC(=O)[O-].[Na+],sodium acetate,98.88594,98.85365,98.88793,98.87584
214,0.10009,0.00204,1.69068,[Na+].F[P-](F)(F)(F)(F)F,sodium hexafluorophosphate(V),97.0449,97.37156,97.07987,97.16544
215,0.10009,0.00203,1.69256,[Na+].[Na+].[O-][S]([O-])(=O)=O,sodium sulfate,98.64462,98.42346,98.55847,98.54218
216,0.10004,0.00416,1.38093,C([C@H]([C@H]([C@@H]([C@H](C(=O)[O-])O)O)O)O)O.[Na+],"sodium (2R,3S,4R,5R)-2,3,4,5,6-pentahydroxyhexanoate",98.06294,98.10837,98.50732,98.22621
217,0.10004,0.00397,1.40124,[Na+].[Na+].[Na+].OC(CC([O-])=O)(CC([O-])=O)C([O-])=O,"sodium 2-hydroxypropane-1,2,3-tricarboxylate",95.72413,95.18993,94.73685,95.21697
218,0.10004,0.00416,1.38071,[Na+].[O-]C(=O)c1ccccc1,sodium benzoate,98.66322,97.56098,98.2807,98.1683
219,0.10004,0.00406,1.39193,C(F)(F)(F)S(=O)(=O)[O-].[Na+],sodium trifluoromethanesulfonate,98.34226,97.75991,98.04239,98.04819
220,0.10004,0.00406,1.3913,[Na+].[Na+].[O-][S]([O-])(=O)=O,sodium sulfate,98.45368,98.36493,98.39355,98.40405
221,0.1,0.0052,1.28385,C([C@H]([C@H]([C@@H]([C@H](C(=O)[O-])O)O)O)O)O.[Na+],"sodium (2R,3S,4R,5R)-2,3,4,5,6-pentahydroxyhexanoate",98.12909,98.42888,98.26773,98.27524
222,0.1,0.00496,1.30416,[Na+].[Na+].[Na+].OC(CC([O-])=O)(CC([O-])=O)C([O-])=O,"sodium 2-hydroxypropane-1,2,3-tricarboxylate",98.65997,98.44014,98.39257,98.49756
223,0.1,0.0052,1.28363,[Na+].[O-]C(=O)c1ccccc1,sodium benzoate,97.41115,96.633,96.89162,96.97859
224,0.1,0.00507,1.29535,CC(=O)[O-].[Na+],sodium acetate,99.01205,98.8189,98.92543,98.91879
225,0.1,0.00507,1.29485,C(F)(F)(F)S(=O)(=O)[O-].[Na+],sodium trifluoromethanesulfonate,98.29123,98.17523,98.20173,98.22273
226,0.1,0.00508,1.29422,[Na+].[Na+].[O-][S]([O-])(=O)=O,sodium sulfate,98.5854,98.3721,98.50125,98.48625
227,0.10003,0.00101,1.99463,C1=CC=C2C(=C1)N=C3C=CC=CC3=N2,phenazine,89.43147,89.78609,91.04457,90.08738
228,0.10003,0.00101,1.99636,C1=CC=C2C(=C1)NC3=CC=CC=C3S2,10H-phenothiazine,90.48285,89.59556,90.0272,90.0352
229,0.10003,0.00103,1.9886,C1=C(C=C(C=C1O)O)O,"benzene-1,3,5-triol",93.94984,93.07986,94.63946,93.88972
230,0.10003,0.00203,1.6916,CCOP(OCC)OCC,triethyl phosphite,94.67845,94.12661,94.66298,94.48935
231,0.10003,0.00209,1.68018,C(#N)C1=C(C(=C(C(=C1F)F)C#N)F)F,"2,3,5,6-tetrafluoroterephthalonitrile",88.44647,88.03837,92.63399,89.70628
232,0.10003,0.00203,1.6936,C1=CC=C2C(=C1)N=C3C=CC=CC3=N2,phenazine,88.54645,88.56412,88.65978,88.59012
233,0.10003,0.00202,1.69534,C1=CC=C2C(=C1)NC3=CC=CC=C3S2,10H-phenothiazine,90.45273,90.86458,90.61718,90.64483
234,0.10003,0.00205,1.68757,C1=C(C=C(C=C1O)O)O,"benzene-1,3,5-triol",89.75786,91.99952,93.8967,91.88469
235,0.10007,0.00407,1.39076,CCOP(OCC)OCC,triethyl phosphite,90.60665,91.1121,94.45845,92.05907
236,0.10007,0.00403,1.39536,S=C1C=CNC=C1,pyridine-4(1H)-thione,64.83967,67.08216,65.97605,65.96596
237,0.10007,0.00411,1.38673,C1=C(C=C(C=C1O)O)O,"benzene-1,3,5-triol",90.65506,87.23135,89.09304,88.99315
238,0.10002,0.00509,1.29361,CCOP(OCC)OCC,triethyl phosphite,94.03993,93.55759,94.54327,94.04693
239,0.10002,0.00503,1.29821,S=C1C=CNC=C1,pyridine-4(1H)-thione,66.12826,61.51055,66.26613,64.63498
240,0.10002,0.00506,1.29562,C1=CC=C2C(=C1)N=C3C=CC=CC3=N2,phenazine,57.20818,60.52012,56.87916,58.20249
241,0.10002,0.00513,1.28958,C1=C(C=C(C=C1O)O)O,"benzene-1,3,5-triol",94.14599,89.59746,91.88553,91.87632
242,0.10004,0.00101,1.99375,CC(=C)C(=O)OCCO,2-hydroxyethyl methacrylate,93.57507,92.6622,94.82154,93.68627
243,0.10004,0.00099,2.00561,C1COC(=O)N1,oxazolidin-2-one,90.74502,90.35673,90.8309,90.64422
244,0.10004,0.00102,1.98973,C1=CC2=NSN=C2C=C1,"benzo[c][1,2,5]thiadiazole",68.82987,68.23086,69.66292,68.90788
245,0.10004,0.00103,1.98847,C1(=C(C(=O)NC1=O)Cl)Cl,"3,4-dichloro-1H-pyrrole-2,5-dione",73.18087,72.26249,74.73062,73.39133
246,0.10004,0.00099,2.00422,C1=CN=CC=C1N=NC2=CC=NC=C2,"1,2-di(pyridin-4-yl)diazene",81.94483,81.76758,81.85721,81.85654
247,0.10001,0.002,1.69945,C1=CC=C2C(=O)C=CC(=O)C2=C1,"naphthalene-1,4-dione",86.36859,86.60607,86.46134,86.47867
248,0.10001,0.00203,1.69258,CC(=C)C(=O)OCCO,2-hydroxyethyl methacrylate,93.06843,92.24102,92.17328,92.49424
249,0.10001,0.00198,1.70444,C1COC(=O)N1,oxazolidin-2-one,89.70919,89.67764,89.67792,89.68825
250,0.10001,0.00205,1.68856,C1=CC2=NSN=C2C=C1,"benzo[c][1,2,5]thiadiazole",68.60276,67.84419,69.06402,68.50366
251,0.10003,0.004,1.39849,C1=CC=C2C(=O)C=CC(=O)C2=C1,"naphthalene-1,4-dione",81.716,84.39688,84.54917,83.55402
252,0.10003,0.00406,1.39162,CC(=C)C(=O)OCCO,2-hydroxyethyl methacrylate,91.30949,92.08553,90.38725,91.26075
253,0.10003,0.00395,1.40348,C1COC(=O)N1,oxazolidin-2-one,89.9707,91.19573,89.75125,90.30589
254,0.10003,0.0041,1.3876,C1=CC2=NSN=C2C=C1,"benzo[c][1,2,5]thiadiazole",65.19336,65.54195,65.35835,65.36455
255,0.10006,0.005,1.30171,C1=CC=C2C(=O)C=CC(=O)C2=C1,"naphthalene-1,4-dione",57.56036,58.65179,59.68299,58.63171
256,0.10006,0.00507,1.29484,CC(=C)C(=O)OCCO,2-hydroxyethyl methacrylate,90.14299,92.01694,91.06099,91.07364
257,0.10006,0.00494,1.3067,C1COC(=O)N1,oxazolidin-2-one,88.38786,86.21256,91.12238,88.57427
258,0.10006,0.00512,1.29082,C1=CC2=NSN=C2C=C1,"benzo[c][1,2,5]thiadiazole",63.41731,64.20011,63.7995,63.80564
259,0.10001,0.00098,2.00786,COC1=CC2=C(C=C1)NC(=O)C2=O,"5-methoxyindoline-2,3-dione",88.55859,89.61588,87.55201,88.57549
260,0.10001,0.00099,2.00585,COC1=CC2=C(C=C1)NC(=O)C2,5-methoxyindolin-2-one,93.65628,94.05181,93.21267,93.64025
261,0.10001,0.00101,1.994,C=CC(=O)ON1C(=O)CCC1=O,"2,5-dioxopyrrolidin-1-yl acrylate",92.30566,93.30363,91.28128,92.29686
262,0.10001,0.00101,1.99602,C1=CC=C2C(=C1)C(=O)C(=O)N2,"indoline-2,3-dione",81.52133,82.4326,81.47923,81.81106
263,0.10001,0.00199,1.70065,C1=CC2=C(C=C1F)C(=O)C(=O)N2,"5-fluoroindoline-2,3-dione",82.1401,81.14726,83.16265,82.15
264,0.10001,0.00198,1.70231,C1C2=C(C=CC(=C2)F)NC1=O,5-fluoroindolin-2-one,93.44424,93.74954,93.05189,93.41522
265,0.10001,0.00196,1.70683,COC1=CC2=C(C=C1)NC(=O)C2=O,"5-methoxyindoline-2,3-dione",88.58762,89.44354,87.75727,88.59614
266,0.10001,0.00197,1.70483,COC1=CC2=C(C=C1)NC(=O)C2,5-methoxyindolin-2-one,92.48454,92.65949,92.33677,92.4936
267,0.10001,0.00203,1.69297,C=CC(=O)ON1C(=O)CCC1=O,"2,5-dioxopyrrolidin-1-yl acrylate",89.71343,89.78106,89.64701,89.71383
268,0.1,0.00398,1.39957,C1=CC2=C(C=C1F)C(=O)C(=O)N2,"5-fluoroindoline-2,3-dione",79.02875,79.47221,78.59129,79.03075
269,0.1,0.00397,1.40122,C1C2=C(C=CC(=C2)F)NC1=O,5-fluoroindolin-2-one,93.59544,93.81946,93.55088,93.65526
270,0.1,0.00393,1.40575,COC1=CC2=C(C=C1)NC(=O)C2=O,"5-methoxyindoline-2,3-dione",89.89084,90.50515,89.33546,89.91048
271,0.1,0.00395,1.40375,COC1=CC2=C(C=C1)NC(=O)C2,5-methoxyindolin-2-one,92.88101,92.36022,93.69012,92.97712
272,0.1,0.00406,1.39189,C=CC(=O)ON1C(=O)CCC1=O,"2,5-dioxopyrrolidin-1-yl acrylate",85.60935,85.66798,82.67669,84.65134
273,0.09999,0.00498,1.30262,C1=CC2=C(C=C1F)C(=O)C(=O)N2,"5-fluoroindoline-2,3-dione",75.91256,74.66667,76.86154,75.81359
274,0.09999,0.00496,1.30427,C1C2=C(C=CC(=C2)F)NC1=O,5-fluoroindolin-2-one,95.12521,95.83687,94.44268,95.13492
275,0.09999,0.00507,1.29494,C=CC(=O)ON1C(=O)CCC1=O,"2,5-dioxopyrrolidin-1-yl acrylate",77.53885,77.48494,77.29306,77.43895
276,0.09999,0.00505,1.29696,C1=CC=C2C(=C1)C(=O)C(=O)N2,"indoline-2,3-dione",51.31567,56.24082,55.14654,54.23434
277,0.09999,0.00102,1.99121,CC1=CC[C@@H](CC1)C(C)(C)O,(R)-2-(4-methylcyclohex-3-en-1-yl)propan-2-ol,59.44033,56.96762,61.22088,59.20961
278,0.09999,0.00102,1.99308,CCCCN1C=C[N+](=C1)C.CC(=O)[O-],1-butyl-3-methyl-1H-imidazol-3-ium acetate,92.00543,98.41118,94.51658,94.97773
279,0.09999,0.00104,1.98342,CCN1C=C[N+](=C1)C.CC(=O)[O-],1-ethyl-3-methyl-1H-imidazol-3-ium acetate,93.61663,92.36196,94.73472,93.5711
280,0.10003,0.00204,1.69078,CCCCN1C=C[N+](=C1)C.C(F)(F)(F)S(=O)(=O)[N-]S(=O)(=O)C(F)(F)F,1-butyl-3-methyl-1H-imidazol-3-ium bis((trifluoromethyl)sulfonyl)amide,88.43472,90.91369,87.79074,89.04638
281,0.10003,0.00208,1.68255,CCN1C=C[N+](=C1)C.CC(=O)[O-],1-ethyl-3-methyl-1H-imidazol-3-ium acetate,94.10954,94.54037,93.68663,94.11218
282,0.10003,0.00408,1.38931,CC1=CC[C@@H](CC1)C(C)(C)O,(R)-2-(4-methylcyclohex-3-en-1-yl)propan-2-ol,90.18717,91.27861,90.72415,90.72998
283,0.10003,0.00401,1.39674,C1=CC2=NON=C2C=C1,"benzo[c][1,2,5]oxadiazole",46.47875,45.14668,43.51372,45.04638
284,0.10003,0.00406,1.39117,CCCCN1C=C[N+](=C1)C.CC(=O)[O-],1-butyl-3-methyl-1H-imidazol-3-ium acetate,74.19204,73.49161,74.58677,74.09014
285,0.10003,0.00419,1.37779,CCN1C=C[N+](=C1)C.C(F)(F)(F)S(=O)(=O)[N-]S(=O)(=O)C(F)(F)F,1-ethyl-3-methyl-1H-imidazol-3-ium bis((trifluoromethyl)sulfonyl)amide,91.59706,92.39503,90.83269,91.60826
286,0.10003,0.00416,1.38152,CCN1C=C[N+](=C1)C.CC(=O)[O-],1-ethyl-3-methyl-1H-imidazol-3-ium acetate,92.48967,92.2105,92.50213,92.40077
287,0.10007,0.0051,1.29259,CC1=CC[C@@H](CC1)C(C)(C)O,(R)-2-(4-methylcyclohex-3-en-1-yl)propan-2-ol,68.73631,68.5356,68.21766,68.49652
288,0.10007,0.00502,1.30002,C1=CC2=NON=C2C=C1,"benzo[c][1,2,5]oxadiazole",39.44741,40.18879,40.6381,40.09143
289,0.10007,0.00524,1.28107,CCN1C=C[N+](=C1)C.C(F)(F)(F)S(=O)(=O)[N-]S(=O)(=O)C(F)(F)F,1-ethyl-3-methyl-1H-imidazol-3-ium bis((trifluoromethyl)sulfonyl)amide,88.76148,89.12969,90.08711,89.32609
290,0.10001,0.001,2.00055,C1=CN=CC=C1N,pyridin-4-amine,97.18384,97.11,97.37618,97.22334
291,0.10001,0.00102,1.99142,C1N2CN3CN1CN(C2)C3,"1,3,5,7-tetraazaadamantane",98.3488,98.12427,98.20803,98.22703
292,0.10001,0.00101,1.99448,C=CC(=O)NCNC(=O)C=C,"N,N'-methylenediacrylamide",95.85039,96.95639,96.40012,96.4023
293,0.10001,0.00105,1.98078,CN(C)CCO,2-(dimethylamino)ethan-1-ol,94.066,91.45436,92.63793,92.71943
294,0.10006,0.002,1.69974,C1=CN=CC=C1N,pyridin-4-amine,98.48106,98.93192,98.18921,98.53406
295,0.10006,0.002,1.69989,C1CN2CCN1CC2,"1,4-diazabicyclo[2.2.2]octane",97.64852,97.72251,97.50002,97.62368
296,0.10006,0.00204,1.69062,C1N2CN3CN1CN(C2)C3,"1,3,5,7-tetraazaadamantane",97.96309,98.00895,97.96877,97.98027
297,0.10006,0.00203,1.69368,C=CC(=O)NCNC(=O)C=C,"N,N'-methylenediacrylamide",96.84535,97.53537,97.62779,97.33617
298,0.10006,0.00209,1.67998,CN(C)CCO,2-(dimethylamino)ethan-1-ol,95.20005,95.87275,96.41675,95.82985
299,0.10006,0.00203,1.69345,C([C@@H](C(=O)O)N)O,L-serine,98.84095,98.49298,98.1777,98.50388
300,0.10006,0.00201,1.69707,CN(C)C1=CC2=C(C=C1)N=C3C=CC(=[N+](C)C)C=C3S2.[Cl-],N-(7-(dimethylamino)-3H-phenothiazin-3-ylidene)-N-methylmethanaminium chloride,61.23856,63.42001,62.31967,62.32608
301,0.10004,0.004,1.39863,C1=CN=CC=C1N,pyridin-4-amine,99.4938,97.25158,98.52332,98.4229
302,0.10004,0.00399,1.39878,C1CN2CCN1CC2,"1,4-diazabicyclo[2.2.2]octane",97.37486,96.7592,97.05923,97.06443
303,0.10004,0.00408,1.38951,C1N2CN3CN1CN(C2)C3,"1,3,5,7-tetraazaadamantane",97.383,96.6217,96.97745,96.99405
304,0.10004,0.00405,1.39257,C=CC(=O)NCNC(=O)C=C,"N,N'-methylenediacrylamide",94.74531,94.64875,94.68144,94.69183
305,0.10004,0.00418,1.37887,CN(C)CCO,2-(dimethylamino)ethan-1-ol,96.14408,95.92876,96.03012,96.03432
306,0.10004,0.00419,1.37829,C([C@H](C(=O)O)N)O,D-serine,98.31102,97.48941,97.9475,97.91598
307,0.10004,0.00405,1.39234,C([C@@H](C(=O)O)N)O,L-serine,98.34142,97.70791,98.00276,98.01736
308,0.10006,0.00499,1.30179,C1=CN=CC=C1N,pyridin-4-amine,97.35219,97.45597,97.2391,97.34908
309,0.10006,0.00499,1.30194,C1CN2CCN1CC2,"1,4-diazabicyclo[2.2.2]octane",95.77025,94.9621,95.35756,95.3633
310,0.10006,0.00506,1.29573,C=CC(=O)NCNC(=O)C=C,"N,N'-methylenediacrylamide",92.95105,92.48239,93.39302,92.94215
311,0.10006,0.00523,1.28203,CN(C)CCO,2-(dimethylamino)ethan-1-ol,97.1099,96.81119,97.69413,97.20507
312,0.10006,0.00523,1.28145,C([C@H](C(=O)O)N)O,D-serine,98.15221,98.15687,98.48624,98.26511
313,0.10006,0.00507,1.2955,C([C@@H](C(=O)O)N)O,L-serine,98.58558,98.25822,98.93364,98.59248
314,0.10001,0.00102,1.99137,CCC#N,propiononitrile,91.76653,92.67917,93.59175,92.67915
315,0.10001,0.00101,1.99513,C1=CC=NC=C1,pyridine,97.92795,97.81499,98.04421,97.92905
316,0.10001,0.00102,1.99102,CCCCCO,pentan-1-ol,91.82707,92.93613,90.71891,91.82737
317,0.10001,0.00101,1.99643,COCCOCCOCCOCCOC,"2,5,8,11,14-pentaoxapentadecane",97.95113,97.8711,98.03175,97.95132
318,0.10001,0.00102,1.99149,CCCCC#N,pentanenitrile,93.35932,92.66471,92.8365,92.95351
319,0.10001,0.00101,1.99511,C(=O)N,formamide,92.9404,93.26276,92.65704,92.9534
320,0.10001,0.00101,1.9941,CC(=C)C(=O)OC,methyl methacrylate,92.86697,94.84247,93.83676,93.84873
321,0.09999,0.00204,1.69028,CCC#N,propiononitrile,93.01407,93.84585,92.2156,93.02517
322,0.09999,0.00202,1.69403,C1=CC=NC=C1,pyridine,96.29837,95.88414,96.74559,96.30937
323,0.09999,0.00204,1.68993,CCCCCO,pentan-1-ol,92.34604,92.53473,92.16244,92.34774
324,0.09999,0.00202,1.69533,COCCOCCOCCOCCOC,"2,5,8,11,14-pentaoxapentadecane",97.33779,97.35445,97.33332,97.34185
325,0.09999,0.00204,1.6904,CCCCC#N,pentanenitrile,92.27538,92.16182,92.38762,92.27494
326,0.09999,0.00202,1.69401,C(=O)N,formamide,92.54181,92.60289,92.48727,92.54399
327,0.09999,0.00205,1.68913,C(=O)(N)N,urea,93.04006,93.63376,92.13274,92.93552
328,0.09999,0.00203,1.693,CC(=C)C(=O)OC,methyl methacrylate,92.34613,92.88079,91.75657,92.32783
329,0.10006,0.00408,1.38952,CCC#N,propiononitrile,93.04839,93.62718,92.349,93.00819
330,0.10006,0.00408,1.38917,CCCCCO,pentan-1-ol,93.53402,94.3501,94.08829,93.9908
331,0.10006,0.00403,1.39458,COCCOCCOCCOCCOC,"2,5,8,11,14-pentaoxapentadecane",97.27288,97.59196,97.38892,97.41792
332,0.10006,0.00405,1.39326,C(=O)N,formamide,93.68243,92.37153,92.99803,93.01733
333,0.10006,0.00409,1.38838,C(=O)(N)N,urea,95.61221,94.3171,94.36849,94.76593
334,0.10004,0.00506,1.29631,C1=CC=NC=C1,pyridine,96.57352,96.16788,96.68276,96.47472
335,0.10004,0.0051,1.2922,CCCCCO,pentan-1-ol,95.02571,93.89757,95.81164,94.91164
336,0.10004,0.00504,1.29761,COCCOCCOCCOCCOC,"2,5,8,11,14-pentaoxapentadecane",96.97699,97.09668,97.02122,97.03163
337,0.10004,0.0051,1.29267,CCCCC#N,pentanenitrile,94.19566,92.92955,93.53266,93.55262
338,0.10001,0.00101,1.99766,C(CCl)O,2-chloroethan-1-ol,95.90732,92.92725,94.29727,94.37728
339,0.10001,0.00104,1.98362,C1COC(=O)N1,oxazolidin-2-one,94.62177,93.67156,94.08652,94.12662
340,0.10001,0.001,1.99953,C1=CC(=CC=C1C=O)O,4-hydroxybenzaldehyde,83.19032,82.35216,82.47141,82.6713
341,0.10001,0.00102,1.99001,CC(C)CC(=O)C,4-methylpentan-2-one,94.36183,95.16086,94.92335,94.81535
342,0.10001,0.00103,1.98907,CCN(CC)C(=O)C=C,"N,N-diethylacrylamide",95.04402,95.88082,95.4879,95.47091
343,0.10001,0.00101,1.99723,C(CP(CCC(=O)O)CCC(=O)O)C(=O)O,"3,3',3''-phosphanetriyltripropionic acid",94.13769,94.7891,94.48864,94.47181
344,0.10001,0.00101,1.99458,CC(=C)C(=O)OCCO,2-hydroxyethyl methacrylate,88.57107,89.65419,88.61271,88.94599
345,0.09999,0.00201,1.69657,C(CCl)O,2-chloroethan-1-ol,97.41135,93.9864,95.90218,95.76664
346,0.09999,0.00208,1.68253,C1COC(=O)N1,oxazolidin-2-one,94.62455,97.90205,96.39935,96.30865
347,0.09999,0.002,1.69843,C1=CC(=CC=C1C=O)O,4-hydroxybenzaldehyde,73.40734,73.50191,73.46986,73.4597
348,0.09999,0.00205,1.68797,CCN(CC)C(=O)C=C,"N,N-diethylacrylamide",98.20779,97.03504,97.65217,97.63167
349,0.09999,0.00201,1.69614,C(CP(CCC(=O)O)CCC(=O)O)C(=O)O,"3,3',3''-phosphanetriyltripropionic acid",91.90707,92.51241,91.15793,91.85914
350,0.09999,0.00203,1.69348,CC(=C)C(=O)OCCO,2-hydroxyethyl methacrylate,88.10531,89.01985,87.12087,88.08201
351,0.09999,0.00203,1.69189,C1=CC=C(C=C1)O,phenol,95.47909,94.3034,94.96355,94.91535
352,0.10004,0.00415,1.38171,C1COC(=O)N1,oxazolidin-2-one,94.26522,94.12466,94.20967,94.19985
353,0.10004,0.00409,1.3881,CC(C)CC(=O)C,4-methylpentan-2-one,96.01727,95.72117,96.34457,96.02767
354,0.10004,0.0041,1.38715,CCN(CC)C(=O)C=C,"N,N-diethylacrylamide",96.01985,95.75909,96.31661,96.03185
355,0.10004,0.00403,1.39532,C(CP(CCC(=O)O)CCC(=O)O)C(=O)O,"3,3',3''-phosphanetriyltripropionic acid",87.67552,87.34031,87.086,87.36728
356,0.10004,0.00405,1.39266,CC(=C)C(=O)OCCO,2-hydroxyethyl methacrylate,88.87282,88.15897,86.456,87.82926
357,0.10004,0.00407,1.39107,C1=CC=C(C=C1)O,phenol,93.96013,95.01046,92.8789,93.94983
358,0.10007,0.00503,1.29896,C(CCl)O,2-chloroethan-1-ol,94.81687,94.55615,92.79872,94.05724
359,0.10007,0.00519,1.28493,C1COC(=O)N1,oxazolidin-2-one,94.73588,94.75449,94.77625,94.75554
360,0.10007,0.00503,1.29854,C(CP(CCC(=O)O)CCC(=O)O)C(=O)O,"3,3',3''-phosphanetriyltripropionic acid",85.83907,83.20166,85.44698,84.82924
361,0.10007,0.00506,1.29588,CC(=C)C(=O)OCCO,2-hydroxyethyl methacrylate,92.0962,91.10227,90.10866,91.10238
362,0.10003,0.00101,1.99768,CO,methanol,91.96804,95.32926,93.91312,93.73681
363,0.10003,0.001,1.99986,CCO,ethanol,92.14979,93.12095,92.47216,92.58097
364,0.10003,0.00102,1.99097,CC(C)O,propan-2-ol,91.9915,93.15343,92.87547,92.67347
365,0.10003,0.00102,1.99052,CN(C)C=O,"N,N-dimethylformamide",92.51926,94.99171,93.78474,93.76524
366,0.10003,0.001,1.99896,CC(=O)C,propan-2-one,92.67402,93.20076,93.61347,93.16275
367,0.10003,0.00102,1.99221,CN1CCCC1=O,1-methylpyrrolidin-2-one,97.71856,94.35125,94.82807,95.63263
368,0.10003,0.00102,1.99134,CN1CCOCC1,4-methylmorpholine,98.34595,98.22662,98.28957,98.28738
369,0.10003,0.00102,1.99183,C1COC(=O)O1,"1,3-dioxolan-2-one",91.72726,92.39846,91.77029,91.96534
370,0.09999,0.00201,1.69651,CO,methanol,92.12046,92.24983,92.19163,92.1873
371,0.09999,0.002,1.69869,CCO,ethanol,92.34872,93.10376,92.74912,92.73386
372,0.09999,0.00204,1.6898,CC(C)O,propan-2-ol,94.22515,94.30203,93.57413,94.03377
373,0.09999,0.00204,1.68935,CN(C)C=O,"N,N-dimethylformamide",92.94159,94.43703,94.12004,93.83289
374,0.09999,0.00201,1.69779,CC(=O)C,propan-2-one,93.97227,94.19427,93.85293,94.00649
375,0.09999,0.00204,1.69017,CN1CCOCC1,4-methylmorpholine,98.34987,98.14391,98.25677,98.25018
376,0.09999,0.00204,1.69066,C1COC(=O)O1,"1,3-dioxolan-2-one",91.58114,92.13777,92.74385,92.15425
377,0.10004,0.00402,1.39569,CO,methanol,92.14462,92.78204,92.05684,92.32784
378,0.10004,0.004,1.39787,CCO,ethanol,92.71534,92.76987,92.53906,92.67476
379,0.10004,0.00409,1.38898,CC(C)O,propan-2-ol,93.36293,93.38602,93.28584,93.34493
380,0.10004,0.00409,1.38853,CN(C)C=O,"N,N-dimethylformamide",93.76622,94.31372,94.12385,94.06793
381,0.10004,0.00401,1.39697,CC(=O)C,propan-2-one,92.96929,95.15729,93.91167,94.01275
382,0.10004,0.00408,1.38935,CN1CCOCC1,4-methylmorpholine,97.75201,97.81976,97.74395,97.77191
383,0.10004,0.00408,1.38984,C1COC(=O)O1,"1,3-dioxolan-2-one",91.5176,91.85653,91.83694,91.73702
384,0.10006,0.00503,1.29885,CO,methanol,91.94206,92.9881,92.34491,92.42502
385,0.10006,0.005,1.30102,CCO,ethanol,92.68936,94.31778,93.52712,93.51142
386,0.10006,0.00511,1.29214,CC(C)O,propan-2-ol,94.20351,93.75883,94.60138,94.18791
387,0.10006,0.00511,1.29169,CN(C)C=O,"N,N-dimethylformamide",94.56244,95.22524,93.92994,94.57254
388,0.10006,0.00501,1.30012,CC(=O)C,propan-2-one,92.92064,93.9332,93.40118,93.41834
389,0.10006,0.00509,1.29337,CN1CCCC1=O,1-methylpyrrolidin-2-one,96.07269,96.59736,96.70828,96.45944
390,0.10006,0.0051,1.29251,CN1CCOCC1,4-methylmorpholine,97.91214,97.86008,97.91311,97.89511
391,0.10006,0.0051,1.293,C1COC(=O)O1,"1,3-dioxolan-2-one",91.64139,93.47656,92.55913,92.55903
392,0.10006,0.00103,1.98549,C1=CSC=N1,thiazole,91.36484,91.56008,93.28147,92.0688
393,0.10006,0.00102,1.99116,C1=CNN=C1,1H-pyrazole,93.31699,93.27681,93.36905,93.32095
394,0.10006,0.00103,1.98886,C1=NNN=C1,"2H-1,2,3-triazole",94.30326,94.16705,94.42135,94.29722
395,0.10006,0.00101,1.99761,CN1C=NC=N1,"1-methyl-1H-1,2,4-triazole",92.72449,92.66342,92.79441,92.72744
396,0.10006,0.001,1.99836,C1=C(OC(=C1)C=O)CO,5-(hydroxymethyl)furan-2-carbaldehyde,84.75577,85.03521,84.69821,84.82973
397,0.10006,0.00103,1.98886,C1=CN=CN=C1,pyrimidine,68.22183,71.37817,69.79199,69.79733
398,0.10006,0.00103,1.987,C1=C(OC(=C1)CO)CO,"furan-2,5-diyldimethanol",92.72751,92.5962,92.89658,92.7401
399,0.10006,0.00207,1.68446,C1=CSC=N1,thiazole,90.89313,90.5653,91.22479,90.89441
400,0.10006,0.00204,1.69012,C1=CNN=C1,1H-pyrazole,94.5298,94.37311,94.68066,94.52786
401,0.10006,0.00207,1.68422,C1=NC=NN1,"1H-1,2,4-triazole",77.07248,76.72711,78.20973,77.33644
402,0.10006,0.00201,1.69658,CN1C=NC=N1,"1-methyl-1H-1,2,4-triazole",93.28321,93.39734,93.18523,93.28859
403,0.10006,0.00201,1.69732,C1=C(OC(=C1)C=O)CO,5-(hydroxymethyl)furan-2-carbaldehyde,79.81505,79.04647,80.51061,79.79071
404,0.10006,0.00205,1.68783,C1=CN=CN=C1,pyrimidine,59.18881,61.94241,62.39128,61.17417
405,0.10006,0.00206,1.68597,C1=C(OC(=C1)CO)CO,"furan-2,5-diyldimethanol",92.16741,92.25133,92.19436,92.20437
406,0.10001,0.00414,1.38322,C1=CSC=N1,thiazole,92.625,92.79223,92.19965,92.53896
407,0.10001,0.00408,1.38888,C1=CNN=C1,1H-pyrazole,95.60234,95.3215,95.88917,95.60433
408,0.10001,0.00402,1.39534,CN1C=NC=N1,"1-methyl-1H-1,2,4-triazole",91.8138,93.20137,93.58975,92.86831
409,0.10001,0.00402,1.39608,C1=C(OC(=C1)C=O)CO,5-(hydroxymethyl)furan-2-carbaldehyde,64.17852,62.93021,65.10986,64.07286
410,0.10001,0.00411,1.38659,C1=CN=CN=C1,pyrimidine,54.56739,54.5342,55.97756,55.02638
411,0.10001,0.00412,1.38473,C1=C(OC(=C1)CO)CO,"furan-2,5-diyldimethanol",92.8905,91.99273,93.19902,92.69408
412,0.1,0.00517,1.28626,C1=CSC=N1,thiazole,92.27114,92.30914,92.245,92.27509
413,0.1,0.00511,1.29193,C1=CNN=C1,1H-pyrazole,95.51186,94.56479,97.07101,95.71589
414,0.1,0.00513,1.28963,C1=NNN=C1,"2H-1,2,3-triazole",68.63585,72.68534,70.59157,70.63759
415,0.1,0.00518,1.28603,C1=NC=NN1,"1H-1,2,4-triazole",54.80497,53.44456,56.17725,54.80892
416,0.1,0.00503,1.29838,CN1C=NC=N1,"1-methyl-1H-1,2,4-triazole",91.92958,92.51142,93.41562,92.61887
417,0.1,0.00502,1.29913,C1=C(OC(=C1)C=O)CO,5-(hydroxymethyl)furan-2-carbaldehyde,53.98807,56.06991,57.80739,55.95512
418,0.1,0.00513,1.28963,C1=CN=CN=C1,pyrimidine,52.20144,54.0322,53.69442,53.30935
419,0.1,0.00516,1.28777,C1=C(OC(=C1)CO)CO,"furan-2,5-diyldimethanol",93.28512,93.10586,93.50943,93.30013
420,0.10004,0.001,1.99881,O1CCOCC1,"1,4-dioxane",92.57442,91.66129,93.55386,92.59652
421,0.10004,0.00103,1.98616,OCCN(CCO)CCO,"2,2',2''-nitrilotris(ethan-1-ol)",99.03408,99.09061,99.05269,99.05913
422,0.10004,0.00102,1.99091,OCCNCCO,"2,2'-azanediylbis(ethan-1-ol)",93.45065,93.74703,93.16589,93.45452
423,0.10004,0.00102,1.99246,COCCOCCO,2-(2-methoxyethoxy)ethan-1-ol,92.34436,94.37254,93.57476,93.43056
424,0.10004,0.00103,1.98596,COCCOCCOCCOC,"2,5,8,11-tetraoxadodecane",95.07985,96.01849,95.59274,95.5637
425,0.10004,0.00102,1.99259,C(C(F)F)O,"2,2-difluoroethan-1-ol",92.78519,92.71997,92.8421,92.78242
426,0.10004,0.00102,1.99363,C1COS(=O)(=O)C1,"1,2-oxathiolane 2,2-dioxide",95.12853,95.34568,95.69219,95.3888
427,0.10004,0.00201,1.69778,O1CCOCC1,"1,4-dioxane",92.26459,91.62075,93.50535,92.46356
428,0.10004,0.00207,1.68513,OCCN(CCO)CCO,"2,2',2''-nitrilotris(ethan-1-ol)",98.93701,98.98888,98.96144,98.96245
429,0.10004,0.00204,1.68988,OCCNCCO,"2,2'-azanediylbis(ethan-1-ol)",93.8332,93.28509,93.79333,93.63721
430,0.10004,0.00204,1.69143,COCCOCCO,2-(2-methoxyethoxy)ethan-1-ol,94.46945,95.23744,93.73976,94.48222
431,0.10004,0.002,1.69829,COCCOCCOC,1-methoxy-2-(2-methoxyethoxy)ethane,92.8804,93.55338,94.0724,93.50206
432,0.10004,0.00207,1.68493,COCCOCCOCCOC,"2,5,8,11-tetraoxadodecane",97.51957,97.71941,97.33153,97.5235
433,0.10004,0.00204,1.69156,C(C(F)F)O,"2,2-difluoroethan-1-ol",92.76785,92.62776,92.05558,92.48373
434,0.10004,0.00203,1.6926,C1COS(=O)(=O)C1,"1,2-oxathiolane 2,2-dioxide",91.56567,92.28484,92.55207,92.13419
435,0.10006,0.00401,1.39681,O1CCOCC1,"1,4-dioxane",92.39747,91.55747,93.8453,92.60008
436,0.10006,0.00413,1.38415,OCCN(CCO)CCO,"2,2',2''-nitrilotris(ethan-1-ol)",98.85108,98.92063,99.01934,98.93035
437,0.10006,0.00409,1.38891,OCCNCCO,"2,2'-azanediylbis(ethan-1-ol)",95.54335,95.78474,95.29286,95.54032
438,0.10006,0.00407,1.39046,COCCOCCO,2-(2-methoxyethoxy)ethan-1-ol,93.61705,93.6135,93.53359,93.58805
439,0.10006,0.00401,1.39732,COCCOCCOC,1-methoxy-2-(2-methoxyethoxy)ethane,96.86226,95.3401,95.93485,96.04573
440,0.10006,0.00413,1.38395,COCCOCCOCCOC,"2,5,8,11-tetraoxadodecane",95.30332,96.14592,96.02356,95.82426
441,0.10006,0.00407,1.39058,C(C(F)F)O,"2,2-difluoroethan-1-ol",91.51051,93.41359,93.1719,92.69867
442,0.10006,0.00406,1.39163,C1COS(=O)(=O)C1,"1,2-oxathiolane 2,2-dioxide",85.72362,86.57866,87.49843,86.60024
443,0.10002,0.00502,1.29972,O1CCOCC1,"1,4-dioxane",93.47986,92.54481,91.52672,92.51713
444,0.10002,0.00516,1.28707,OCCN(CCO)CCO,"2,2',2''-nitrilotris(ethan-1-ol)",98.7799,98.95534,99.01318,98.91614
445,0.10002,0.00511,1.29182,OCCNCCO,"2,2'-azanediylbis(ethan-1-ol)",96.34103,96.70501,96.19847,96.41483
446,0.10002,0.00509,1.29337,COCCOCCO,2-(2-methoxyethoxy)ethan-1-ol,93.29495,93.60338,94.91877,93.93903
447,0.10002,0.00501,1.30023,COCCOCCOC,1-methoxy-2-(2-methoxyethoxy)ethane,96.55934,96.66433,97.55386,96.92584
448,0.10002,0.00517,1.28687,COCCOCCOCCOC,"2,5,8,11-tetraoxadodecane",94.94472,95.15338,95.3999,95.166
449,0.10002,0.00509,1.29349,C(C(F)F)O,"2,2-difluoroethan-1-ol",93.3128,93.26447,90.36289,92.31339
450,0.10006,0.00104,1.98156,OCC(F)(F)F,"2,2,2-trifluoroethan-1-ol",93.16033,93.64481,94.28377,93.6963
451,0.10006,0.001,1.99821,C1CCOC1,tetrahydrofuran,92.95369,92.88812,93.02667,92.95616
452,0.10006,0.00103,1.98559,CC1COC(=O)O1,"4-methyl-1,3-dioxolan-2-one",93.2797,93.39026,93.14128,93.27041
453,0.10006,0.001,1.99904,CN(C)C(C)=O,"N,N-dimethylacetamide",94.50591,95.69683,93.33011,94.51095
454,0.10006,0.00101,1.99651,C1CNCCO1,morpholine,97.59593,96.12343,96.7152,96.81152
455,0.10006,0.00104,1.98457,NCCO,2-aminoethan-1-ol,93.24171,93.25809,93.2621,93.25397
456,0.10006,0.00102,1.99036,CN(C)CCN(C)C,"N1,N1,N2,N2-tetramethylethane-1,2-diamine",98.4363,98.50539,98.47085,98.47085
457,0.10006,0.00101,1.99383,CC#N,acetonitrile,93.59525,93.60411,93.58883,93.59606
458,0.10006,0.00209,1.68053,OCC(F)(F)F,"2,2,2-trifluoroethan-1-ol",92.56855,93.64894,93.00678,93.07476
459,0.10006,0.00201,1.69718,C1CCOC1,tetrahydrofuran,93.46261,93.64005,93.01252,93.37173
460,0.10006,0.00207,1.68455,CC1COC(=O)O1,"4-methyl-1,3-dioxolan-2-one",92.62774,93.26846,93.62629,93.17416
461,0.10006,0.00201,1.69801,CN(C)C(C)=O,"N,N-dimethylacetamide",94.59312,95.2875,93.60227,94.4943
462,0.10006,0.00202,1.69548,C1CNCCO1,morpholine,98.37946,96.80116,98.18396,97.78819
463,0.10006,0.00207,1.68353,NCCO,2-aminoethan-1-ol,95.32264,95.24571,94.42765,94.99867
464,0.10006,0.00205,1.68933,CN(C)CCN(C)C,"N1,N1,N2,N2-tetramethylethane-1,2-diamine",98.25218,98.28299,98.27462,98.26993
465,0.10006,0.00203,1.69279,CC#N,acetonitrile,93.88986,94.08874,93.73229,93.90363
466,0.10001,0.00418,1.37929,OCC(F)(F)F,"2,2,2-trifluoroethan-1-ol",93.80799,94.09638,93.7202,93.87486
467,0.10001,0.00402,1.39594,C1CCOC1,tetrahydrofuran,94.36885,96.34092,92.85115,94.52031
468,0.10001,0.00414,1.38331,CC1COC(=O)O1,"4-methyl-1,3-dioxolan-2-one",93.96167,92.86733,93.40533,93.41144
469,0.10001,0.00401,1.39677,CN(C)C(C)=O,"N,N-dimethylacetamide",93.82678,93.62113,93.85226,93.76672
470,0.10001,0.00403,1.39424,C1CNCCO1,morpholine,97.91452,97.54656,98.58291,98.01466
471,0.10001,0.00415,1.38229,NCCO,2-aminoethan-1-ol,96.31503,96.17635,96.04352,96.1783
472,0.10001,0.00409,1.38809,CN(C)CCN(C)C,"N1,N1,N2,N2-tetramethylethane-1,2-diamine",97.61168,97.40197,97.57582,97.52982
473,0.10001,0.00406,1.39155,CC#N,acetonitrile,96.19581,94.29801,94.11431,94.86938
474,0.10006,0.00522,1.28257,OCC(F)(F)F,"2,2,2-trifluoroethan-1-ol",93.11674,93.1606,93.10042,93.12592
475,0.10006,0.00502,1.29923,C1CCOC1,tetrahydrofuran,93.05071,93.23869,94.07307,93.45416
476,0.10006,0.00517,1.2866,CC1COC(=O)O1,"4-methyl-1,3-dioxolan-2-one",91.40582,92.586,93.35125,92.44769
477,0.10006,0.00501,1.30006,CN(C)C(C)=O,"N,N-dimethylacetamide",92.9497,93.40627,93.62795,93.32797
478,0.10006,0.00504,1.29753,C1CNCCO1,morpholine,98.67014,98.57012,97.97482,98.40503
479,0.10006,0.00518,1.28558,NCCO,2-aminoethan-1-ol,96.24038,96.43165,95.86389,96.17864
480,0.10006,0.00512,1.29138,CN(C)CCN(C)C,"N1,N1,N2,N2-tetramethylethane-1,2-diamine",96.94266,96.91982,96.93056,96.93101
481,0.10006,0.00507,1.29484,CC#N,acetonitrile,93.57243,93.37328,92.87542,93.27371
482,0.10003,0.00105,1.98064,C([C@H]([C@H]([C@@H]([C@H](CO)O)O)O)O)O,"(2R,3R,4R,5S)-hexane-1,2,3,4,5,6-hexaol",95.15324,95.30811,95.02677,95.1627
483,0.10003,0.001,1.99941,C([C@H]([C@H]([C@@H]([C@H](C=O)O)O)O)O)O,"(2R,3S,4R,5R)-2,3,4,5,6-pentahydroxyhexanal",95.1972,95.1443,95.55077,95.29742
484,0.10003,0.001,1.99933,C([C@H]([C@H]([C@@H]([C@@H](CO)O)O)O)O)O,"(2R,3R,4R,5R)-hexane-1,2,3,4,5,6-hexaol",94.4788,94.75858,95.39832,94.87857
485,0.10003,0.00102,1.99189,C([C@@H]([C@@H]([C@H](C=O)O)O)O)O,"(2R,3S,4S)-2,3,4,5-tetrahydroxypentanal",95.22354,94.97779,95.51969,95.24034
486,0.10003,0.00103,1.9881,C(C=O)[C@@H]([C@@H](CO)O)O,"(3S,4R)-3,4,5-trihydroxypentanal",95.92341,95.93223,96.2066,96.02075
487,0.10003,0.00101,1.99425,C([C@H]([C@H]([C@@H](C(=O)CO)O)O)O)O,"(3S,4R,5R)-1,3,4,5,6-pentahydroxyhexan-2-one",95.68241,95.26532,95.75074,95.56616
488,0.10003,0.00101,1.99617,C([C@H]([C@H]([C@H](C=O)O)O)O)O,"(2R,3R,4R)-2,3,4,5-tetrahydroxypentanal",95.07515,94.58358,96.04609,95.23494
489,0.10003,0.00102,1.99009,C([C@@H]([C@H]([C@@H](C=O)O)O)O)O,"(2S,3R,4S)-2,3,4,5-tetrahydroxypentanal",94.45655,94.64859,95.03886,94.71467
490,0.10003,0.00209,1.67961,C([C@H]([C@H]([C@@H]([C@H](CO)O)O)O)O)O,"(2R,3R,4R,5S)-hexane-1,2,3,4,5,6-hexaol",95.89711,95.22998,96.53432,95.88714
491,0.10003,0.002,1.69838,C([C@H]([C@H]([C@@H]([C@H](C=O)O)O)O)O)O,"(2R,3S,4R,5R)-2,3,4,5,6-pentahydroxyhexanal",94.44356,94.54131,96.33873,95.10787
492,0.10003,0.002,1.6983,C([C@H]([C@H]([C@@H]([C@@H](CO)O)O)O)O)O,"(2R,3R,4R,5R)-hexane-1,2,3,4,5,6-hexaol",93.58831,94.33156,95.86299,94.59429
493,0.10003,0.00204,1.69087,C([C@@H]([C@@H]([C@H](C=O)O)O)O)O,"(2R,3S,4S)-2,3,4,5-tetrahydroxypentanal",95.44173,95.41158,96.07119,95.6415
494,0.10003,0.00206,1.68707,C(C=O)[C@@H]([C@@H](CO)O)O,"(3S,4R)-3,4,5-trihydroxypentanal",96.25417,95.7767,97.02278,96.35122
495,0.10003,0.00203,1.69323,C([C@H]([C@H]([C@@H](C(=O)CO)O)O)O)O,"(3S,4R,5R)-1,3,4,5,6-pentahydroxyhexan-2-one",95.85075,95.78355,96.21788,95.95073
496,0.10003,0.00202,1.69515,C([C@H]([C@H]([C@H](C=O)O)O)O)O,"(2R,3R,4R)-2,3,4,5-tetrahydroxypentanal",95.56909,95.02558,95.81264,95.4691
497,0.10003,0.00205,1.68906,C([C@@H]([C@H]([C@@H](C=O)O)O)O)O,"(2S,3R,4S)-2,3,4,5-tetrahydroxypentanal",93.19184,94.58973,96.26122,94.68093
498,0.1,0.00418,1.37845,C([C@H]([C@H]([C@@H]([C@H](CO)O)O)O)O)O,"(2R,3R,4R,5S)-hexane-1,2,3,4,5,6-hexaol",93.94494,94.50741,96.3891,94.94715
499,0.1,0.00401,1.39722,C([C@H]([C@H]([C@@H]([C@H](C=O)O)O)O)O)O,"(2R,3S,4R,5R)-2,3,4,5,6-pentahydroxyhexanal",95.97893,95.48764,96.53455,96.00037
500,0.1,0.00401,1.39715,C([C@H]([C@H]([C@@H]([C@@H](CO)O)O)O)O)O,"(2R,3R,4R,5R)-hexane-1,2,3,4,5,6-hexaol",95.55928,94.85436,96.27668,95.56344
501,0.1,0.00408,1.38971,C([C@@H]([C@@H]([C@H](C=O)O)O)O)O,"(2R,3S,4S)-2,3,4,5-tetrahydroxypentanal",96.14017,95.47645,96.75673,96.12445
502,0.1,0.00411,1.38591,C(C=O)[C@@H]([C@@H](CO)O)O,"(3S,4R)-3,4,5-trihydroxypentanal",96.049,95.52459,96.64349,96.07236
503,0.1,0.00405,1.39207,C([C@H]([C@H]([C@@H](C(=O)CO)O)O)O)O,"(3S,4R,5R)-1,3,4,5,6-pentahydroxyhexan-2-one",96.41805,95.93451,96.88667,96.41308
504,0.1,0.00404,1.39399,C([C@H]([C@H]([C@H](C=O)O)O)O)O,"(2R,3R,4R)-2,3,4,5-tetrahydroxypentanal",95.04532,94.46343,95.62112,95.04329
505,0.1,0.00409,1.38791,C([C@@H]([C@H]([C@@H](C=O)O)O)O)O,"(2S,3R,4S)-2,3,4,5-tetrahydroxypentanal",92.62937,93.82634,96.38973,94.28181
506,0.10002,0.00523,1.28162,C([C@H]([C@H]([C@@H]([C@H](CO)O)O)O)O)O,"(2R,3R,4R,5S)-hexane-1,2,3,4,5,6-hexaol",94.58941,95.33353,96.29952,95.40749
507,0.10002,0.00501,1.30039,C([C@H]([C@H]([C@@H]([C@H](C=O)O)O)O)O)O,"(2R,3S,4R,5R)-2,3,4,5,6-pentahydroxyhexanal",95.97207,95.55157,96.48881,96.00415
508,0.10002,0.00501,1.30032,C([C@H]([C@H]([C@@H]([C@@H](CO)O)O)O)O)O,"(2R,3R,4R,5R)-hexane-1,2,3,4,5,6-hexaol",96.1907,95.88856,96.42114,96.1668
509,0.10002,0.0051,1.29288,C([C@@H]([C@@H]([C@H](C=O)O)O)O)O,"(2R,3S,4S)-2,3,4,5-tetrahydroxypentanal",95.09951,95.60113,96.52917,95.74327
510,0.10002,0.00514,1.28908,C(C=O)[C@@H]([C@@H](CO)O)O,"(3S,4R)-3,4,5-trihydroxypentanal",96.2904,96.43881,96.1444,96.2912
511,0.10002,0.00507,1.29524,C([C@H]([C@H]([C@@H](C(=O)CO)O)O)O)O,"(3S,4R,5R)-1,3,4,5,6-pentahydroxyhexan-2-one",94.64643,95.7147,96.44247,95.6012
512,0.10002,0.00505,1.29716,C([C@H]([C@H]([C@H](C=O)O)O)O)O,"(2R,3R,4R)-2,3,4,5-tetrahydroxypentanal",94.69181,94.39844,94.90418,94.66481
513,0.10002,0.00512,1.29108,C([C@@H]([C@H]([C@@H](C=O)O)O)O)O,"(2S,3R,4S)-2,3,4,5-tetrahydroxypentanal",92.71878,94.01573,95.96804,94.23418
514,0.10001,0.00104,1.98418,[C@@H]([C@H](C(=O)[O-])O)(C(=O)[O-])O.[Na+].[Na+],"sodium (2R,3R)-2,3-dihydroxysuccinate",86.52357,84.54177,84.25392,85.10642
515,0.10001,0.001,1.99993,C(C(C(=O)[O-])O)C(=O)[O-].[Na+].[Na+],sodium 2-hydroxysuccinate,89.48147,90.81772,90.16199,90.15373
516,0.10001,0.001,2.00047,C([C@H]([C@H](CO)O)O)O,"(2R,3S)-butane-1,2,3,4-tetraol",97.87432,98.07094,97.78369,97.90965
517,0.10001,0.001,1.99838,CS(=O)(=O)C,(methylsulfonyl)methane,96.87478,94.64265,96.85713,96.12485
518,0.10001,0.00102,1.99309,C(CC(=O)[O-])C(=O)[O-].[Na+].[Na+],sodium succinate,89.8497,90.54448,90.8207,90.40496
519,0.10001,0.00103,1.98531,CCCO,propan-1-ol,97.24997,97.61258,97.59995,97.4875
520,0.10001,0.00102,1.99044,C1CC(=O)NC1=O,"pyrrolidine-2,5-dione",96.36898,97.13817,96.96538,96.82418
521,0.10001,0.00207,1.68316,[C@@H]([C@H](C(=O)[O-])O)(C(=O)[O-])O.[Na+].[Na+],"sodium (2R,3R)-2,3-dihydroxysuccinate",95.5298,94.90016,93.69209,94.70735
522,0.10001,0.002,1.69891,C(C(C(=O)[O-])O)C(=O)[O-].[Na+].[Na+],sodium 2-hydroxysuccinate,66.69394,67.31459,66.68049,66.89634
523,0.10001,0.002,1.69945,C([C@H]([C@H](CO)O)O)O,"(2R,3S)-butane-1,2,3,4-tetraol",98.58822,98.51246,98.30565,98.46878
524,0.10001,0.00201,1.69736,CS(=O)(=O)C,(methylsulfonyl)methane,97.06269,96.91597,96.27022,96.74963
525,0.10001,0.00203,1.69206,C(CC(=O)[O-])C(=O)[O-].[Na+].[Na+],sodium succinate,83.42274,83.74618,84.09311,83.75401
526,0.10001,0.00207,1.68428,CCCO,propan-1-ol,98.28758,98.33127,97.95386,98.1909
527,0.10001,0.00204,1.68942,C1CC(=O)NC1=O,"pyrrolidine-2,5-dione",96.94991,96.80843,97.27694,97.01176
528,0.10001,0.00205,1.68796,C(C(C(=O)[O-])O)(C(=O)[O-])O.[Na+].[K+],"potassium sodium 2,3-dihydroxysuccinate",93.37148,93.0963,93.59457,93.35412
529,0.1,0.00415,1.38207,[C@@H]([C@H](C(=O)[O-])O)(C(=O)[O-])O.[Na+].[Na+],"sodium (2R,3R)-2,3-dihydroxysuccinate",96.59083,96.52227,96.39968,96.50426
530,0.1,0.004,1.39782,C(C(C(=O)[O-])O)C(=O)[O-].[Na+].[Na+],sodium 2-hydroxysuccinate,63.99461,63.22124,61.75635,62.99073
531,0.1,0.004,1.39836,C([C@H]([C@H](CO)O)O)O,"(2R,3S)-butane-1,2,3,4-tetraol",98.2491,98.2138,98.56522,98.34271
532,0.1,0.00402,1.39627,CS(=O)(=O)C,(methylsulfonyl)methane,96.6464,96.72115,96.94641,96.77132
533,0.1,0.00406,1.39098,C(CC(=O)[O-])C(=O)[O-].[Na+].[Na+],sodium succinate,79.30879,78.18045,79.05741,78.84888
534,0.1,0.00414,1.3832,CCCO,propan-1-ol,98.3299,97.87839,97.90498,98.03776
535,0.1,0.00409,1.38833,C1CC(=O)NC1=O,"pyrrolidine-2,5-dione",97.02386,96.78941,96.80992,96.8744
536,0.1,0.0041,1.38687,C(C(C(=O)[O-])O)(C(=O)[O-])O.[Na+].[K+],"potassium sodium 2,3-dihydroxysuccinate",95.6448,95.66928,95.45624,95.59011
537,0.10006,0.00519,1.28543,[C@@H]([C@H](C(=O)[O-])O)(C(=O)[O-])O.[Na+].[Na+],"sodium (2R,3R)-2,3-dihydroxysuccinate",96.6982,96.4877,96.49018,96.55869
538,0.10006,0.005,1.30117,C(C(C(=O)[O-])O)C(=O)[O-].[Na+].[Na+],sodium 2-hydroxysuccinate,74.19715,73.66955,69.94163,72.60278
539,0.10006,0.005,1.30171,C([C@H]([C@H](CO)O)O)O,"(2R,3S)-butane-1,2,3,4-tetraol",98.35005,98.78712,98.05119,98.39612
540,0.10006,0.00502,1.29963,CS(=O)(=O)C,(methylsulfonyl)methane,97.25987,96.68079,97.75718,97.23261
541,0.10006,0.00508,1.29433,C(CC(=O)[O-])C(=O)[O-].[Na+].[Na+],sodium succinate,79.47304,77.93853,77.04222,78.15126
542,0.10006,0.00511,1.29169,C1CC(=O)NC1=O,"pyrrolidine-2,5-dione",97.02597,97.40082,97.87663,97.43448
543,0.10006,0.00513,1.29022,C(C(C(=O)[O-])O)(C(=O)[O-])O.[Na+].[K+],"potassium sodium 2,3-dihydroxysuccinate",96.15441,95.88508,96.228,96.08916
544,0.09999,0.00102,1.99271,C1CCNC(=O)C1,piperidin-2-one,96.68419,94.66838,96.80838,96.05365
545,0.09999,0.00102,1.99062,C(CC(=O)N)[C@@H](C(=O)O)N,L-glutamine,95.91692,94.32325,93.62116,94.62045
546,0.09999,0.001,1.99806,C([C@@H]([C@H]([C@@H](C(=O)CO)O)O)O)O,"(3S,4R,5S)-1,3,4,5,6-pentahydroxyhexan-2-one",95.05632,96.10403,95.8006,95.65365
547,0.09999,0.00101,1.99542,C1CC(=O)NC(=O)C1,"piperidine-2,6-dione",95.78717,95.97466,95.71121,95.82435
548,0.09999,0.00101,1.99395,C[C@@H]([C@@H]([C@H]([C@H](C=O)O)O)O)O,"(2R,3R,4S,5S)-2,3,4,5-tetrahydroxyhexanal",95.29659,94.43646,94.55114,94.7614
549,0.09999,0.00101,1.99767,C1CNC(=O)N1,imidazolidin-2-one,95.51016,95.11599,94.71796,95.1147
550,0.09999,0.00104,1.98353,CN1CCOC1=O,3-methyloxazolidin-2-one,95.47369,95.14294,94.60494,95.07386
551,0.09999,0.00102,1.99165,COC(=O)N,methyl carbamate,95.7292,95.82814,95.31884,95.62539
552,0.10003,0.00203,1.69184,C1CCNC(=O)C1,piperidin-2-one,94.98982,95.06136,94.81174,94.95431
553,0.10003,0.00204,1.68975,C(CC(=O)N)[C@@H](C(=O)O)N,L-glutamine,97.33905,97.0794,97.22445,97.2143
554,0.10003,0.00201,1.69719,C([C@@H]([C@H]([C@@H](C(=O)CO)O)O)O)O,"(3S,4R,5S)-1,3,4,5,6-pentahydroxyhexan-2-one",95.63372,96.10128,94.37935,95.37145
555,0.10003,0.00202,1.69455,C1CC(=O)NC(=O)C1,"piperidine-2,6-dione",96.59093,95.92367,95.55099,96.02187
556,0.10003,0.00203,1.69307,C[C@@H]([C@@H]([C@H]([C@H](C=O)O)O)O)O,"(2R,3R,4S,5S)-2,3,4,5-tetrahydroxyhexanal",94.90509,95.49796,92.74346,94.38217
557,0.10003,0.00201,1.6968,C1CNC(=O)N1,imidazolidin-2-one,95.13744,94.98892,93.81901,94.64846
558,0.10003,0.00208,1.68265,CN1CCOC1=O,3-methyloxazolidin-2-one,95.9287,95.12966,93.97831,95.01223
559,0.10003,0.00204,1.69077,COC(=O)N,methyl carbamate,95.3689,95.21411,94.21366,94.93223
560,0.10004,0.00407,1.39087,C1CCNC(=O)C1,piperidin-2-one,94.55834,94.80952,93.7993,94.38905
561,0.10004,0.00409,1.38878,C(CC(=O)N)[C@@H](C(=O)O)N,L-glutamine,97.96592,97.90348,98.08905,97.98615
562,0.10004,0.00402,1.39623,C([C@@H]([C@H]([C@@H](C(=O)CO)O)O)O)O,"(3S,4R,5S)-1,3,4,5,6-pentahydroxyhexan-2-one",95.16379,95.59445,94.48404,95.08076
563,0.10004,0.00404,1.39358,C1CC(=O)NC(=O)C1,"piperidine-2,6-dione",96.45892,96.04941,96.35743,96.28858
564,0.10004,0.00406,1.39211,C[C@@H]([C@@H]([C@H]([C@H](C=O)O)O)O)O,"(2R,3R,4S,5S)-2,3,4,5-tetrahydroxyhexanal",93.94926,95.11234,95.2866,94.78273
565,0.10004,0.00402,1.39583,C1CNC(=O)N1,imidazolidin-2-one,96.34559,94.8548,95.00664,95.40234
566,0.10004,0.00415,1.38169,CN1CCOC1=O,3-methyloxazolidin-2-one,95.9401,95.68983,95.4744,95.70144
567,0.10004,0.00408,1.38981,COC(=O)N,methyl carbamate,95.90785,95.85801,95.3262,95.69735
568,0.10004,0.00508,1.29397,C1CCNC(=O)C1,piperidin-2-one,95.4215,95.22267,94.02367,94.88928
569,0.10004,0.00511,1.29188,C(CC(=O)N)[C@@H](C(=O)O)N,L-glutamine,98.08994,98.04857,98.03791,98.05881
570,0.10004,0.00502,1.29932,C([C@@H]([C@H]([C@@H](C(=O)CO)O)O)O)O,"(3S,4R,5S)-1,3,4,5,6-pentahydroxyhexan-2-one",95.87263,95.9286,96.00561,95.93561
571,0.10004,0.00505,1.29668,C1CC(=O)NC(=O)C1,"piperidine-2,6-dione",96.47444,96.26688,96.34066,96.36066
572,0.10004,0.00507,1.29521,C[C@@H]([C@@H]([C@H]([C@H](C=O)O)O)O)O,"(2R,3R,4S,5S)-2,3,4,5-tetrahydroxyhexanal",94.30563,94.98965,94.48165,94.59231
573,0.10004,0.00503,1.29893,C1CNC(=O)N1,imidazolidin-2-one,95.09025,95.22781,95.48629,95.26812
574,0.10004,0.00519,1.28479,CN1CCOC1=O,3-methyloxazolidin-2-one,95.36351,95.82599,96.55393,95.91447
575,0.10004,0.0051,1.29291,COC(=O)N,methyl carbamate,95.05055,95.77083,95.77743,95.53294