Actual,Predicted,Residual
94.66481,94.68794200356811,-0.02313200356810796
95.53589,96.90385482872068,-1.3679648287206874
88.32822,97.02737839750355,-8.699158397503552
92.20437,94.35056012612202,-2.146190126122022
95.82435,97.41178885834906,-1.58743885834906
95.63263,95.89109884044156,-0.2584688404415516
97.56479,98.06960206808114,-0.5048120680811365
97.35953,97.3085702985723,0.050959701427700566
92.37537,94.86885419199307,-2.493484191993062
65.36455,63.70406418127803,1.6604858187219662
93.90363,94.44856433870117,-0.544934338701168
93.5711,90.60838509476271,2.9627149052372914
72.60278,71.45355518879398,1.149224811206011
92.40077,85.9773708368967,6.423399163103298
98.03776,97.92278155189939,0.11497844810061508
96.56755,97.42918797252752,-0.8616379725275181
88.59614,88.97073248581148,-0.3745924858114762
98.5065,99.04006527253733,-0.5335652725373308
97.83672,95.47538564469951,2.3613343553004853
94.11218,89.0735073835944,5.0386726164055915
98.45712,98.66844824226736,-0.21132824226735636
98.93035,98.91830142023285,0.012048579767153456
77.33644,68.25242075979241,9.084019240207581
94.52031,93.04516373406781,1.4751462659321817
79.03075,73.88416905010561,5.1465809498943855
95.24336,97.60316614059344,-2.3598061405934487
96.08916,95.45308046469988,0.6360795353001265
95.08076,95.6044703720624,-0.5237103720623963
93.68627,89.32450602431179,4.361763975688206
98.61599,96.82159603644149,1.7943939635585053
92.67915,93.7989723179342,-1.1198223179341937
93.32095,98.9471735787562,-5.6262235787562105
97.01176,96.86587103895768,0.14588896104231708
98.39612,97.14719657845598,1.2489234215440206
94.04693,91.45095344281845,2.595976557181558
96.60871,94.28922177629148,2.319488223708518
93.90887,93.94880602260247,-0.03993602260247542
98.30268,98.57778693798315,-0.27510693798315344
93.14215,93.94880602260247,-0.8066560226024677
98.247,97.58593496227927,0.6610650377207321
89.48092,94.91403885933856,-5.433118859338563
84.82924,88.06722041676687,-3.2379804167668738
91.96534,91.23134139543929,0.7339986045607105
98.39456,95.20375731962848,3.190802680371519
98.44062,95.94117398340768,2.499446016592316
96.95673,96.93999905986125,0.016730940138742767
95.37145,95.21943924454186,0.1520107554581358
94.78273,95.27994158777729,-0.49721158777728647
84.1123,84.17712988187282,-0.0648298818728108
98.22703,97.43519589930264,0.7918341006973577
94.4943,93.40994904241526,1.084350957584732
97.20252,96.76879921354598,0.4337207864540318
89.32141,85.07524878369645,4.246161216303548
98.26544,94.99746821850093,3.267971781499071
92.54399,92.71289708665951,-0.16890708665951593
90.89441,94.07551144745715,-3.181101447457152
64.63498,70.3508913945526,-5.715911394552606
98.57222,98.34124399648609,0.23097600351391634
96.69578,93.14261098895794,3.5531690110420584
96.55869,93.50422478100334,3.054465218996654
98.65748,96.74884564650597,1.9086343534940369
91.77435,93.81084466464556,-2.0364946646455593
96.36066,95.55214530627045,0.8085146937295491
55.02638,63.4920378605398,-8.4656578605398
98.95916,95.45738261489477,3.5017773851052283
96.74963,96.37653205717864,0.3730979428213601
97.81973,97.33336801159254,0.4863619884074666
98.72952,99.11739895426427,-0.38787895426428065
98.49756,94.79555513229039,3.7020048677096042
92.51713,92.85937515519485,-0.34224515519485976
94.76593,97.14294727160075,-2.3770172716007494
92.08473,93.81084466464556,-1.7261146646455643
79.79071,78.58737849368495,1.2033315063150525
94.48222,93.65280427299699,0.8294157270030098
98.01736,98.54177187641214,-0.5244118764121453
96.30865,91.50796520618192,4.800684793818078
91.82737,92.4032786636354,-0.5759086636354027
92.29686,87.79742036603695,4.49943963396305
96.25221,95.71087129226268,0.5413387077373244
94.57254,93.5740284947963,0.9985115052037088
96.79256,97.3216629932896,-0.5291029932896123
98.64468,96.33721497187985,2.3074650281201485
98.67079,96.52269431726756,2.148095682732432
92.05907,91.44968526868314,0.6093847313168652
98.8699,97.88867082226223,0.9812291777377737
82.15,74.73227251254039,7.417727487459615
93.63661,93.37253721307698,0.2640727869230233
92.44769,93.24345572833033,-0.7957657283303377
96.1668,95.04470667646872,1.1220933235312742
95.6012,94.87158533064331,0.7296146693566925
96.88545,96.98377483831503,-0.09832483831502259
93.41834,94.21460767551754,-0.7962676755175409
94.81535,94.2185824700308,0.596767529969199
93.12592,92.41126587341155,0.7146541265884423
94.12662,90.05151349992607,4.075106500073929
89.75654,95.02173987919771,-5.265199879197709
94.59231,95.1261454849774,-0.5338354849774021
97.75521,98.1923248098233,-0.4371148098232993
98.87584,95.17384317090368,3.7019968290963163
98.16554,93.87468971124689,4.290850288753106
82.6713,77.38235142917027,5.2889485708297315
98.3645,97.49183027608116,0.8726697239188468
97.21274,97.5654600338177,-0.3527200338177039
92.61887,89.17059587978616,3.4482741202138385
88.57549,90.78039222393987,-2.204902223939868
97.52982,96.67568368929552,0.8541363107044759
93.34493,94.89316444859763,-1.5482344485976256
98.47302,98.07396946406975,0.3990505359302574
98.01466,97.78799545360842,0.22666454639158928
84.08045,87.41369710067369,-3.333247100673688
98.51494,98.60107255703967,-0.08613255703967582
90.30589,91.442373380736,-1.1364833807359958
95.3888,95.27793849671497,0.11086150328503663
93.76524,92.67350182579385,1.0917381742061565
94.79022,97.28264996189276,-2.4924299618927535
98.78645,98.2020811489113,0.5843688510886977
99.07598,100.05490123583705,-0.9789212358370492
92.49501,90.67824654926525,1.81676345073474
96.64647,97.52033017881865,-0.87386017881866
93.05922,95.5943740940851,-2.535154094085101
94.51095,93.80746365975213,0.7034863402478635
96.71978,96.5253134927134,0.19446650728660586
95.24034,95.04484816828247,0.1954918317175327
96.41483,94.91040013855839,1.5044298614416078
98.69458,98.84475939784367,-0.1501793978436723
93.59606,95.17470865887624,-1.5786486588762472
97.20027,97.7252389850448,-0.5249689850447936
92.48373,92.64873264597237,-0.16500264597237901
96.35122,95.72359833682331,0.6276216631766829
91.87075,93.26273128961363,-1.391981289613625
93.03006,91.95474114160439,1.0753188583956188
98.05881,96.57024733353516,1.48856266646483
95.29742,95.83592320691585,-0.5385032069158484
97.95132,97.57131315059318,0.3800068494068114
97.16544,97.96911716170081,-0.8036771617008043
96.5995,97.89525605998128,-1.2957560599812723
61.17417,67.52986143919166,-6.355691439191666
83.55402,74.28334820144292,9.270671798557075
86.02142,74.46883846588736,11.552581534112647
55.95512,73.18572601427344,-17.23060601427344
98.70306,97.01741458229668,1.6856454177033129
93.85147,95.6773102606629,-1.8258402606629005
89.71383,86.53172543724942,3.182104562750581
98.53406,97.65876364404896,0.8752963559510363
96.15632,95.87766006486201,0.2786599351379806
97.4875,96.1217268284384,1.3657731715615995
92.49424,88.35030646943494,4.143933530565064
95.88714,95.31256120641201,0.5745787935879889
77.43895,85.1595322870114,-7.720582287011396
98.48096,96.39795559881628,2.0830044011837145
93.16275,94.34016838989096,-1.1774183898909598
96.39197,95.74813135775366,0.6438386422463367
93.02517,93.88207575009854,-0.8569057500985338
96.82886,94.38115499059846,2.4477050094015453
96.5923,93.03420709608399,3.5580929039160054
92.15425,91.32643585086481,0.8278141491351931
96.67386,97.7907831022305,-1.1169231022305013
94.47181,91.36744559010751,3.104364409892497
95.53294,94.98412136056815,0.5488186394318433
86.60024,95.77454834169968,-9.174308341699685
94.52786,98.3429778531619,-3.815117853161894
98.54218,97.34584863790985,1.1963313620901488
98.40503,97.00321045741488,1.401819542585116
92.93552,97.43183161314364,-4.4963116131436465
93.73681,93.65693188175828,0.07987811824172297
96.82418,96.36768789280048,0.45649210719952293
92.13419,95.18737181012874,-3.0531818101287342
98.80083,98.92126481715997,-0.12043481715996052
94.37728,94.25420402174063,0.12307597825936512
80.54354,87.90089138300452,-7.357351383004527
95.1147,95.09358815058097,0.021111849419028772
